layer,feature,c_vqa,n_vqa,c_vsr,n_vsr,odds_ratio,p_raw,freq_vsr,freq_vqa,freq_diff,p_adj
9,9885,164,1323088,34148,2701355,103.27604492310478,0.0,0.0126410634662974,0.0001239524506306,0.0125171110156668,0.0
4,3211,240,1323088,33024,2701355,68.21638125105169,0.0,0.0122249759842745,0.0001813938301911,0.0120435821540833,0.0
4,6738,956,1323088,29640,2701355,15.342813111823077,0.0,0.0109722713230952,0.0007225520902615,0.0102497192328336,0.0
7,3547,1548,1323088,36868,2701355,11.81259541707826,0.0,0.0136479655580255,0.0011699902047331,0.0124779753532923,0.0
3,1384,1538,1323088,36237,2701355,11.683233513968569,0.0,0.0134143790801283,0.0011624321284752,0.0122519469516531,0.0
15,5074,1719,1323088,35818,2701355,10.329156413580291,0.0,0.013259271735851,0.0012992333087443,0.0119600384271066,0.0
7,2509,2761,1323088,56204,2701355,10.160892435779989,0.0,0.0208058548395157,0.0020867848548244,0.0187190699846912,0.0
13,11972,2916,1323088,56696,2701355,9.705674786648483,0.0,0.0209879856590488,0.0022039350368229,0.0187840506222259,0.0
14,7199,2685,1323088,52083,2701355,9.66788898186783,0.0,0.0192803241336292,0.0020293434752639,0.0172509806583653,0.0
10,11465,4475,1323088,84285,2701355,9.489848200105568,0.0,0.0312010083828301,0.0033822391254398,0.0278187692573902,0.0
6,6783,4676,1323088,86287,2701355,9.303342897270111,0.0,0.0319421179371093,0.003534156458225,0.0284079614788843,0.0
12,8942,4075,1323088,75393,2701355,9.29317361140214,0.0,0.0279093269859015,0.0030799160751212,0.0248294109107802,0.0
9,2395,5507,1323088,100240,2701355,9.220272391455168,0.0,0.0371073035569186,0.0041622325952619,0.0329450709616566,0.0
8,11409,2067,1323088,38041,2701355,9.12848692461994,0.0,0.0140821920850832,0.0015622543625216,0.0125199377225616,0.0
4,6697,5867,1323088,104628,2701355,9.046158393909566,0.0,0.0387316735490152,0.0044343233405487,0.0342973502084664,0.0
5,972,5954,1323088,105554,2701355,8.99548182811041,0.0,0.0390744644817138,0.004500078603993,0.0345743858777207,0.0
25,7022,16021,1323088,261893,2701355,8.758667962445074,0.0,0.0969487534959307,0.0121087939728876,0.084839959523043,0.0
0,2596,3330,1323088,56189,2701355,8.418766048071204,0.0,0.0208003020706275,0.0025168393939027,0.0182834626767247,0.0
11,10017,2926,1323088,48308,2701355,8.215367957059124,0.0,0.017882877296764,0.0022114931130809,0.0156713841836831,0.0
21,14835,2534,1323088,41657,2701355,8.162162146610846,0.0,0.0154207795717334,0.0019152165237686,0.0135055630479648,0.0
8,4014,2204,1323088,35158,2701355,7.902873235200092,0.0,0.01301494990477,0.0016658000072557,0.0113491498975142,0.0
24,622,13004,1323088,195441,2701355,7.857270332657571,0.0,0.0723492469519926,0.0098285223658592,0.0625207245861333,0.0
23,4515,2204,1323088,34802,2701355,7.8218065728354755,0.0,0.0128831641898232,0.0016658000072557,0.0112173641825675,0.0
25,2123,2433,1323088,37274,2701355,7.59461646852597,0.0,0.0137982605025996,0.0018388799535631,0.0119593805490364,0.0
23,14658,16149,1323088,231233,2701355,7.576019665040574,0.0,0.0855988938884374,0.0122055373489896,0.0733933565394478,0.0
8,11974,3732,1323088,55006,2701355,7.34823958113981,0.0,0.0203623736976443,0.0028206740594729,0.0175416996381713,0.0
13,3210,4859,1323088,69891,2701355,7.205560747294348,0.0,0.0258725713577075,0.0036724692537457,0.0222001021039617,0.0
10,11574,4155,1323088,59234,2701355,7.11655916836289,0.0,0.0219275141549333,0.0031403806851849,0.0187871334697483,0.0
10,8056,2414,1323088,34627,2701355,7.103861869772687,0.0,0.0128183818861275,0.001824519608673,0.0109938622774544,0.0
24,1434,6009,1323088,83391,2701355,6.981763489983081,0.0,0.030870063357093,0.0045416480234118,0.0263284153336811,0.0
22,15113,2573,1323088,36034,2701355,6.938514587818943,0.0,0.0133392316078412,0.0019446930211747,0.0113945385866665,0.0
22,15478,14556,1323088,189411,2701355,6.778561560775287,0.0,0.0701170338589337,0.0110015358010956,0.0591154980578381,0.0
7,4525,23278,1323088,285689,2701355,6.603753321761921,0.0,0.1057576660601809,0.0175936899132937,0.0881639761468871,0.0
21,14330,12679,1323088,161823,2701355,6.585798273678219,0.0,0.059904381319745,0.0095828848874753,0.0503214964322697,0.0
12,3718,4537,1323088,59443,2701355,6.538987771259976,0.0,0.0220048827347756,0.0034290991982392,0.0185757835365364,0.0
20,4006,13622,1323088,171171,2701355,6.5032647313466025,0.0,0.0633648668908751,0.0102956114786015,0.0530692554122735,0.0
19,2286,10581,1323088,132410,2701355,6.3935327359120695,0.0,0.049016141899158,0.007997200488554,0.0410189414106039,0.0
5,10324,3607,1323088,46188,2701355,6.363474586000867,0.0,0.0170980859605642,0.0027261981062484,0.0143718878543158,0.0
16,14236,7330,1323088,91361,2701355,6.28338079383457,0.0,0.0338204345596931,0.0055400698970892,0.0282803646626039,0.0
23,1934,3840,1323088,47931,2701355,6.205904055476998,0.0,0.0177433177053737,0.002902301283059,0.0148410164223147,0.0
11,15594,23242,1323088,262670,2701355,6.023836453491673,0.0,0.0972363869243398,0.017566480838765,0.0796699060855747,0.0
14,1620,2857,1323088,34660,2701355,6.006132342526745,0.0,0.0128305979776815,0.0021593423869009,0.0106712555907806,0.0
12,6425,5243,1323088,61074,2701355,5.8142096788301965,0.0,0.0226086538052199,0.0039626993820516,0.0186459544231682,0.0
4,12529,23207,1323088,241299,2701355,5.494081813593314,0.0,0.0893251719970163,0.0175400275718621,0.0717851444251541,0.0
15,13896,9228,1323088,99870,2701355,5.46581878376143,0.0,0.0369703352576762,0.0069745927708512,0.029995742486825,0.0
8,11839,26919,1323088,275156,2701355,5.460787488649225,0.0,0.1018585117468825,0.0203455854788192,0.0815129262680633,0.0
19,10497,3169,1323088,34611,2701355,5.4057737124850265,0.0,0.0128124589326467,0.0023951543661494,0.0104173045664972,0.0
7,9793,10037,1323088,107012,2701355,5.396134394824122,0.0,0.0396141936176474,0.0075860411401206,0.0320281524775267,0.0
7,9881,22849,1323088,233748,2701355,5.390485730766666,0.0,0.0865299081386933,0.017269448441827,0.0692604596968663,0.0
25,13697,37300,1323088,354824,2701355,5.212513921334584,0.0,0.1313503778659228,0.0281916244422139,0.1031587534237088,0.0
6,5096,9570,1323088,98304,2701355,5.183374685920917,0.0,0.0363906261857475,0.0072330789788736,0.0291575472068738,0.0
11,6616,9835,1323088,100541,2701355,5.16188046842723,0.0,0.0372187291192753,0.0074333679997097,0.0297853611195655,0.0
8,5912,10204,1323088,103853,2701355,5.144214409826727,0.0,0.0384447804897912,0.0077122610136287,0.0307325194761625,0.0
4,2649,5114,1323088,52493,2701355,5.107262496659869,0.0,0.0194320998165735,0.0038652001983239,0.0155668996182496,0.0
9,12060,41941,1323088,384665,2701355,5.071949621866084,0.0,0.14239705629212,0.031699327633536,0.1106977286585839,0.0
12,15531,20883,1323088,202180,2701355,5.0446146227441,0.0,0.0748439209211673,0.0157835306495108,0.0590603902716565,0.0
14,15446,20945,1323088,202592,2701355,5.040522308370862,0.0,0.0749964369732967,0.0158303907223102,0.0591660462509865,0.0
8,6122,6130,1323088,61787,2701355,5.028931321417774,0.0,0.022872595419706,0.0046331007461332,0.0182394946735727,0.0
6,10840,23915,1323088,228155,2701355,5.0114956069816925,0.0,0.0844594657125775,0.0180751393709261,0.0663843263416513,0.0
17,15749,4002,1323088,39867,2701355,4.937249454219705,0.0,0.0147581491510741,0.003024742118438,0.0117334070326361,0.0
10,11970,37850,1323088,339017,2701355,4.873007886809777,0.0,0.1254988700115312,0.0286073186364021,0.0968915513751291,0.0
8,3746,5249,1323088,50752,2701355,4.807222893193045,0.0,0.018787608440949,0.0039672342278064,0.0148203742131426,0.0
24,14634,19883,1323088,184475,2701355,4.80403136660308,0.0,0.0682898027101214,0.0150277230237142,0.0532620796864071,0.0
15,7447,3686,1323088,35581,2701355,4.777675279254967,0.0,0.0131715379874174,0.0027859069086863,0.010385631078731,0.0
5,12506,21252,1323088,191968,2701355,4.686165973462658,0.0,0.0710635958620766,0.0160624236634297,0.0550011721986468,0.0
10,11456,12563,1323088,115772,2701355,4.670861637686125,0.0,0.0428570106483598,0.0094952112028829,0.0333617994454768,0.0
8,11308,13878,1323088,127351,2701355,4.667405920730315,0.0,0.0471433780454623,0.0104890982308055,0.0366542798146568,0.0
10,9627,4299,1323088,40418,2701355,4.659594222555489,0.0,0.0149621208615676,0.0032492169832996,0.0117129038782679,0.0
11,6096,7740,1323088,71884,2701355,4.645832611577544,0.0,0.0266103492506538,0.0058499510236658,0.0207603982269879,0.0
9,1183,5097,1323088,47568,2701355,4.634966938369355,0.0,0.0176089406982792,0.0038523514686853,0.0137565892295938,0.0
11,1748,6651,1323088,60552,2701355,4.538429775401839,0.0,0.0224154174479104,0.0050268765191733,0.017388540928737,0.0
13,6809,4544,1323088,41467,2701355,4.523718486494783,0.0,0.0153504444991495,0.0034343898516198,0.0119160546475296,0.0
8,14946,21969,1323088,191072,2701355,4.507970802215386,0.0,0.0707319104671544,0.0166043377311259,0.0541275727360284,0.0
6,6371,5388,1323088,48806,2701355,4.499857482269489,0.0,0.0180672292238524,0.0040722914877921,0.0139949377360602,0.0
11,9639,4494,1323088,40704,2701355,4.48876847173773,0.0,0.015067993655036,0.00339659947033,0.011671394184706,0.0
11,2393,8526,1323088,74352,2701355,4.363830085021472,0.0,0.02752396482506,0.0064440158175419,0.021079949007518,0.0
8,16279,6600,1323088,57743,2701355,4.356869966110187,0.0,0.0213755689274456,0.0049883303302577,0.0163872385971879,0.0
7,1178,8163,1323088,71093,2701355,4.353905678492818,0.0,0.0263175332379491,0.0061696576493778,0.0201478755885712,0.0
10,10009,24205,1323088,202639,2701355,4.351821581612653,0.0,0.0750138356491464,0.0182943235824072,0.0567195120667392,0.0
23,12621,22726,1323088,188736,2701355,4.298029326521971,0.0,0.0698671592589644,0.017176484103854,0.0526906751551104,0.0
21,12621,21925,1323088,182011,2701355,4.287481580117473,0.0,0.0673776678740854,0.0165710821955909,0.0508065856784945,0.0
25,14757,23193,1323088,191386,2701355,4.273592940971397,0.0,0.0708481484292142,0.017529446265101,0.0533187021641132,0.0
9,15439,9771,1323088,83105,2701355,4.266252878299675,0.0,0.0307641905636245,0.0073849963116587,0.0233791942519657,0.0
8,10385,6312,1323088,53983,2701355,4.253896870712987,0.0,0.0199836748594686,0.0047706577340282,0.0152130171254404,0.0
13,10555,27077,1323088,219465,2701355,4.232440708495443,0.0,0.0812425616033435,0.0204650030836951,0.0607775585196483,0.0
18,12082,22235,1323088,180926,2701355,4.199693565093391,0.0,0.0669760175911718,0.0168053825595878,0.0501706350315839,0.0
10,13207,5189,1323088,43891,2701355,4.194754451509828,0.0,0.0162477719514836,0.0039218857702586,0.0123258861812249,0.0
11,2419,6761,1323088,56791,2701355,4.180981904094844,0.0,0.0210231531953408,0.0051100153580109,0.0159131378373299,0.0
20,2163,6388,1323088,53615,2701355,4.173812178823988,0.0,0.0198474469294113,0.0048280991135888,0.0150193478158225,0.0
2,5977,4805,1323088,40423,2701355,4.167830274025103,0.0,0.0149639717845303,0.0036316556419527,0.0113323161425775,0.0
21,1326,5845,1323088,48622,2701355,4.130671543712716,0.0,0.0179991152588238,0.0044176955727812,0.0135814196860425,0.0
10,12725,4540,1323088,37866,2701355,4.128940404777244,0.0,0.0140174097813874,0.0034313666211166,0.0105860431602708,0.0
7,8441,6232,1323088,51611,2701355,4.115752007522149,0.0,0.019105597005947,0.0047101931239645,0.0143954038819824,0.0
11,12860,18925,1323088,151732,2701355,4.101070175334145,0.0,0.0561688485963525,0.014303659318201,0.0418651892781515,0.0
9,5038,4787,1323088,39372,2701355,4.073177656924624,0.0,0.0145749077777633,0.0036180511046884,0.0109568566730749,0.0
18,13772,6190,1323088,50626,2701355,4.063214731666486,0.0,0.0187409651822881,0.004678449203681,0.014062515978607,0.0
8,12735,5474,1323088,44830,2701355,4.061984287610919,0.0,0.0165953752838853,0.0041372909436107,0.0124580843402746,0.0
25,4988,6557,1323088,53238,2701355,4.036551229643979,0.0,0.0197078873380211,0.0049558306023484,0.0147520567356726,0.0
10,1094,5547,1323088,44800,2701355,4.005577833790853,0.0,0.0165842697461088,0.0041924649002938,0.012391804845815,0.0
12,8561,13087,1323088,103259,2701355,3.978361517622093,0.0,0.0382248908418182,0.0098912543988003,0.0283336364430178,0.0
9,3532,5946,1323088,47611,2701355,3.974257217301481,0.0,0.0176248586357587,0.0044940321429867,0.013130826492772,0.0
23,6400,9313,1323088,73833,2701355,3.9640173304024646,0.0,0.027331839021528,0.0070388364190439,0.0202930026024841,0.0
8,7064,7016,1323088,55865,2701355,3.961172432385983,0.0,0.0206803622626422,0.005302746302589,0.0153776159600531,0.0
7,15872,6047,1323088,48221,2701355,3.958551994440085,0.0,0.0178506712372124,0.0045703687131921,0.0132803025240202,0.0
7,2362,8052,1323088,63497,2701355,3.931295323393208,0.0,0.0235056110729615,0.0060857630029143,0.0174198480700471,0.0
4,10823,6691,1323088,52735,2701355,3.917194627814411,0.0,0.0195216844879699,0.0050571088242051,0.0144645756637647,0.0
25,9486,5733,1323088,45053,2701355,3.89732971070888,0.0,0.0166779264480233,0.004333045118692,0.0123448813293312,0.0
24,7247,10771,1323088,82984,2701355,3.861409951824872,0.0,0.0307193982279263,0.0081408039374554,0.0225785942904709,0.0
7,10408,6765,1323088,52507,2701355,3.8570461616651066,0.0,0.0194372824008691,0.0051130385885141,0.014324243812355,0.0
13,35,5486,1323088,42695,2701355,3.856938006720629,0.0,0.0158050311787973,0.0041463606351202,0.011658670543677,0.0
13,10400,6395,1323088,49668,2701355,3.856544889733469,0.0,0.018386328342628,0.0048333897669693,0.0135529385756586,0.0
23,12436,9783,1323088,75436,2701355,3.8564781089299847,0.0,0.027925244923381,0.0073940660031683,0.0205311789202127,0.0
19,13191,7256,1323088,56249,2701355,3.85633625263702,0.0,0.0208225131461803,0.0054841401327802,0.0153383730134,0.0
3,11153,7935,1323088,61081,2701355,3.83430352144444,0.0,0.0226112450973678,0.0059973335106961,0.0166139115866716,0.0
25,8327,4944,1323088,38185,2701355,3.822771152362856,0.0,0.01413549866641,0.0037367129019384,0.0103987857644715,0.0
20,5546,20530,1323088,153212,2701355,3.814846839498904,0.0,0.0567167217933222,0.0155167305576046,0.0411999912357176,0.0
10,3476,4933,1323088,38017,2701355,3.814230399153924,0.0,0.014073307654862,0.0037283990180547,0.0103449086368073,0.0
9,11245,15283,1323088,115033,2701355,3.806047748196051,0.0,0.0425834442344675,0.0115510079450497,0.0310324362894177,0.0
10,1966,6549,1323088,49994,2701355,3.790598273518069,0.0,0.0185070085197983,0.004949784141342,0.0135572243784563,0.0
21,10,5524,1323088,42222,2701355,3.787187366593914,0.0,0.0156299338665225,0.0041750813249005,0.011454852541622,0.0
5,16104,5024,1323088,38137,2701355,3.756874409438286,0.0,0.0141177298059677,0.0037971775120022,0.0103205522939655,0.0
22,8100,7873,1323088,59166,2701355,3.7408029409747954,0.0,0.0219023416026401,0.0059504734378967,0.0159518681647433,0.0
9,4793,6090,1323088,45835,2701355,3.732634637538606,0.0,0.0169674107993951,0.0046028684411014,0.0123645423582936,0.0
25,7389,14445,1323088,106488,2701355,3.717827262347687,0.0,0.0394202168911527,0.0109176411546321,0.0285025757365205,0.0
5,14966,8253,1323088,61368,2701355,3.7033912192233367,0.0,0.0227174880754288,0.0062376803356995,0.0164798077397292,0.0
9,10292,9283,1323088,68843,2701355,3.7011099571940704,0.0,0.0254846179047181,0.00701616219027,0.0184684557144481,0.0
4,11756,26250,1323088,187832,2701355,3.691842280503917,0.0,0.0695325123873019,0.0198399501771613,0.0496925622101406,0.0
7,8391,8341,1323088,61719,2701355,3.685521129295283,0.0,0.0228474228674128,0.0063041914067696,0.0165432314606432,0.0
22,12621,22531,1323088,161343,2701355,3.666597879065628,0.0,0.0597266927153224,0.0170291016168236,0.0426975910984988,0.0
22,575,9022,1323088,66159,2701355,3.656708702872221,0.0,0.0244910424583218,0.0068188963999371,0.0176721460583847,0.0
10,14718,13435,1323088,97657,2701355,3.6562117547504247,0.0,0.0361511167543695,0.0101542754525776,0.0259968413017919,0.0
19,10774,18251,1323088,129928,2701355,3.6124192810893385,0.0,0.0480973437404561,0.0137942449784141,0.034303098762042,0.0
8,13970,7828,1323088,56770,2701355,3.60680081705971,0.0,0.0210153793188973,0.0059164620947359,0.0150989172241614,0.0
22,11226,9533,1323088,68266,2701355,3.572379483484028,0.0,0.0252710213948185,0.0072051140967191,0.0180659072980993,0.0
24,13656,5453,1323088,39056,2701355,3.544790374295348,0.0,0.0144579294465185,0.0041214189834689,0.0103365104630495,0.0
12,91,22574,1323088,156524,2701355,3.543467895716789,0.0,0.0579427731638381,0.0170616013447329,0.0408811718191052,0.0
18,8306,7111,1323088,50496,2701355,3.525234156566625,0.0,0.018692841185257,0.0053745480270397,0.0133182931582172,0.0
17,2799,8388,1323088,59410,2701355,3.5245528026768165,0.0,0.0219926666432216,0.006339714365182,0.0156529522780395,0.0
16,2904,6468,1323088,45970,2701355,3.524012520832729,0.0,0.0170173857193889,0.0048885637236525,0.0121288219957364,0.0
24,8087,10975,1323088,76925,2701355,3.50428339545204,0.0,0.0284764497816836,0.0082949886931179,0.0201814610885657,0.0
10,2793,5463,1323088,38644,2701355,3.500407992939916,0.0,0.0143054133943891,0.0041289770597269,0.0101764363346621,0.0
4,8823,6632,1323088,46654,2701355,3.4884708819265717,0.0,0.0172705919806911,0.0050125161742831,0.0122580758064079,0.0
25,8716,13883,1323088,96169,2701355,3.481133639864496,0.0,0.0356002820806595,0.0104928772689344,0.025107404811725,0.0
5,9747,6003,1323088,42038,2701355,3.4683059130955,0.0,0.0155618199014938,0.0045371131776571,0.0110247067238367,0.0
10,9237,11525,1323088,79890,2701355,3.4681396753226275,0.0,0.0295740470985857,0.008710682887306,0.0208633642112796,0.0
6,6503,9008,1323088,62557,2701355,3.458304224113493,0.0,0.0231576375559672,0.0068083150931759,0.0163493224627913,0.0
25,7603,16840,1323088,115269,2701355,3.4574277520017445,0.0,0.0426708077983086,0.0127278004184151,0.0299430073798935,0.0
24,12588,7563,1323088,52542,2701355,3.4503273937194443,0.0,0.0194502388616083,0.0057161730738998,0.0137340657877084,0.0
10,3590,21754,1323088,147098,2701355,3.445020640249402,0.0,0.0544534131944894,0.0164418390915797,0.0380115741029097,0.0
1,7991,26154,1323088,175413,2701355,3.4436432867649303,0.0,0.0649351899324598,0.0197673926450848,0.0451677972873749,0.0
22,8690,5518,1323088,38387,2701355,3.441994932482408,0.0,0.0142102759541045,0.0041705464791457,0.0100397294749587,0.0
21,12711,12247,1323088,84130,2701355,3.440567856494668,0.0,0.0311436297709853,0.0092563759931312,0.021887253777854,0.0
12,14681,7535,1323088,51818,2701355,3.4145678794072305,0.0,0.0191822252166042,0.0056950104603775,0.0134872147562267,0.0
24,3841,18945,1323088,127013,2701355,3.3963507674973488,0.0,0.0470182556531814,0.0143187754707169,0.0326994801824644,0.0
25,11792,6742,1323088,46187,2701355,3.3963235682959074,0.0,0.0170977157759716,0.0050956550131208,0.0120020607628508,0.0
23,7819,17412,1323088,116524,2701355,3.3804147949107137,0.0,0.0431353894619552,0.0131601223803707,0.0299752670815844,0.0
5,6289,9162,1323088,62137,2701355,3.376413562533855,0.0,0.0230021600270975,0.0069247094675486,0.0160774505595488,0.0
22,1139,13667,1323088,91860,2701355,3.372687315766619,0.0,0.0340051566713741,0.0103296228217624,0.0236755338496117,0.0
25,12335,7083,1323088,47963,2701355,3.358498987832246,0.0,0.0177551636123352,0.0053533854135174,0.0124017781988178,0.0
8,4995,8858,1323088,59770,2701355,3.3570233860955536,0.0,0.0221259330965385,0.0066949439493064,0.0154309891472321,0.0
21,2881,5803,1323088,39026,2701355,3.327510950212641,0.0,0.014446823908742,0.0043859516524977,0.0100608722562443,0.0
21,4490,10223,1323088,68205,2701355,3.3264601351392904,0.0,0.0252484401346731,0.0077266213585188,0.0175218187761542,0.0
10,901,14293,1323088,94560,2701355,3.321611364320097,0.0,0.0350046550712512,0.0108027583955111,0.0242018966757401,0.0
21,5648,9298,1323088,61836,2701355,3.3101906377461607,0.0,0.0228907344647408,0.0070274993046569,0.0158632351600838,0.0
24,2088,7962,1323088,52973,2701355,3.303840951212384,0.0,0.0196097884209961,0.0060177403165926,0.0135920481044034,0.0
3,538,12119,1323088,79927,2701355,3.2982321080083885,0.0,0.0295877439285099,0.0091596326170292,0.0204281113114807,0.0
25,7500,23170,1323088,149492,2701355,3.286627773145911,0.0,0.0553396351090471,0.0175120626897077,0.0378275724193394,0.0
9,12733,12271,1323088,80609,2701355,3.2856455519530083,0.0,0.029840209820627,0.0092745153761503,0.0205656944444767,0.0
21,3184,6522,1323088,43230,2701355,3.283005999336796,0.0,0.0160030799358099,0.0049293773354455,0.0110737026003644,0.0
4,4216,10071,1323088,66331,2701355,3.2819330898870183,0.0,0.0245547142082399,0.0076117385993977,0.0169429756088421,0.0
8,8023,10659,1323088,70019,2701355,3.2764153539239413,0.0,0.0259199549855535,0.0080561534833661,0.0178638015021873,0.0
10,10396,10424,1323088,68242,2701355,3.2636337925433754,0.0,0.0252621369645973,0.0078785386913039,0.0173835982732934,0.0
9,15031,58454,1323088,352720,2701355,3.249115692928174,0.0,0.1305715094832038,0.0441799789583157,0.0863915305248881,0.0
9,5073,9883,1323088,64457,2701355,3.2480334251686243,0.0,0.0238609882818067,0.007469646765748,0.0163913415160587,0.0
8,1913,44581,1323088,274512,2701355,3.243941074776281,0.0,0.1016201128692822,0.0336946597656391,0.067925453103643,0.0
9,6523,10521,1323088,68432,2701355,3.2425414406188167,0.0,0.0253324720371813,0.0079518520310062,0.017380620006175,0.0
16,3556,6684,1323088,43641,2701355,3.233993937682293,0.0,0.0161552258033468,0.0050518181708246,0.0111034076325222,0.0
13,13021,10228,1323088,66350,2701355,3.232117798056153,0.0,0.0245617477154983,0.0077304003966478,0.0168313473188504,0.0
7,6368,12302,1323088,79320,2701355,3.223296766474666,0.0,0.0293630418808338,0.00929794541255,0.0200650964682838,0.0
8,13646,9446,1323088,61124,2701355,3.219577807726636,0.0,0.0226271630348473,0.0071393588332748,0.0154878042015724,0.0
8,10423,6394,1323088,41561,2701355,3.2177345313208465,0.0,0.0153852418508489,0.0048326339593435,0.0105526078915053,0.0
8,15221,6676,1323088,43273,2701355,3.2101411940882,0.0,0.0160189978732895,0.0050457717098182,0.0109732261634712,0.0
19,5632,6114,1323088,39605,2701355,3.2050478785422545,0.0,0.0146611607878268,0.0046210078241205,0.0100401529637063,0.0
6,7155,9766,1323088,62864,2701355,3.204061870813382,0.0,0.0232712842258792,0.0073812172735298,0.0158900669523494,0.0
25,15646,8171,1323088,52530,2701355,3.1913707761443,0.0,0.0194457966464977,0.0061757041103841,0.0132700925361135,0.0
11,13988,18582,1323088,117349,2701355,3.1881555359376668,0.0,0.0434407917508065,0.0140444173025528,0.0293963744482537,0.0
25,6581,16607,1323088,105188,2701355,3.187465442388996,0.0,0.0389389769208415,0.0125516972416044,0.026387279679237,0.0
10,1804,16841,1323088,106158,2701355,3.1727790380815346,0.0,0.0392980559756122,0.0127285562260408,0.0265694997495713,0.0
25,1941,45195,1323088,272257,2701355,3.169115873556597,0.0,0.1007853466130886,0.0341587256478782,0.0666266209652103,0.0
10,192,16160,1323088,101822,2701355,3.1677915377892725,0.0,0.0376929355823281,0.0122138512328733,0.0254790843494547,0.0
8,7640,11045,1323088,70041,2701355,3.1620010510299643,0.0,0.0259280990465895,0.0083478952269236,0.0175802038196659,0.0
24,897,10467,1323088,66407,2701355,3.1605228601909223,0.0,0.0245828482372735,0.0079110384192132,0.0166718098180602,0.0
0,7810,6336,1323088,40378,2701355,3.1534975725461023,0.0,0.0149473134778657,0.0047887971170473,0.0101585163608183,0.0
8,14173,7168,1323088,45580,2701355,3.150754269334886,0.0,0.0168730137282956,0.0054176290617101,0.0114553846665854,0.0
6,1959,11097,1323088,70065,2701355,3.1481664110076952,0.0,0.0259369834768107,0.0083871972234651,0.0175497862533456,0.0
19,2636,6363,1323088,40338,2701355,3.136894196313907,0.0,0.0149325060941638,0.0048092039229439,0.0101233021712199,0.0
4,13791,7457,1323088,47066,2701355,3.1284487030170287,0.0,0.0174231080328205,0.0056360574655654,0.0117870505672551,0.0
25,5455,8826,1323088,55466,2701355,3.1215712668690574,0.0,0.0205326586102159,0.0066707581052809,0.013861900504935,0.0
11,9018,7376,1323088,46345,2701355,3.1136991848938544,0.0,0.0171562049415941,0.0055748370478758,0.0115813678937182,0.0
20,10740,7047,1323088,44300,2701355,3.113639513480576,0.0,0.0163991774498353,0.0053261763389887,0.0110730011108465,0.0
21,8687,6501,1323088,40887,2701355,3.112408574823548,0.0,0.0151357374354721,0.0049135053753038,0.0102222320601683,0.0
25,12814,41033,1323088,244694,2701355,3.1120851809987102,0.0,0.0905819486887136,0.0310130543093127,0.0595688943794008,0.0
12,3132,7771,1323088,48753,2701355,3.110876545623328,0.0,0.0180476094404474,0.0058733810600655,0.0121742283803819,0.0
25,11365,24086,1323088,147304,2701355,3.110499334350864,0.0,0.0545296712205541,0.0182043824749374,0.0363252887456167,0.0
18,2118,10482,1323088,65173,2701355,3.095868832976137,0.0,0.0241260404500704,0.0079223755336001,0.0162036649164702,0.0
9,3721,12192,1323088,75538,2701355,3.0931024895251773,0.0,0.0279630037518208,0.0092148065737124,0.0187481971781084,0.0
9,2677,13783,1323088,84688,2701355,3.074471627279775,0.0,0.0313501927736265,0.0104172965063548,0.0209328962672717,0.0
7,8432,7431,1323088,46074,2701355,3.072138914722979,0.0,0.0170558849170138,0.0056164064672946,0.0114394784497191,0.0
8,7882,20194,1323088,122644,2701355,3.068529945056072,0.0,0.0454009191683432,0.0152627791953369,0.0301381399730063,0.0
21,10872,6638,1323088,41118,2701355,3.065340854058335,0.0,0.0152212500763505,0.0050170510200379,0.0102041990563126,0.0
12,8624,7692,1323088,47434,2701355,3.0564619921492264,0.0,0.0175593359628778,0.0058136722576276,0.0117456637052502,0.0
23,4168,14954,1323088,91187,2701355,3.056042039755959,0.0,0.03375602244059,0.0113023472361626,0.0224536752044273,0.0
18,12986,11236,1323088,68720,2701355,3.047653657541305,0.0,0.0254390851998349,0.0084922544834508,0.016946830716384,0.0
6,15159,8161,1323088,50090,2701355,3.044080676427629,0.0,0.0185425462406829,0.0061681460341262,0.0123744002065566,0.0
7,12706,8237,1323088,50302,2701355,3.0288259507998814,0.0,0.0186210253743028,0.0062255874136867,0.0123954379606161,0.0
10,3489,10711,1323088,65119,2701355,3.0265790918387747,0.0,0.0241060504820728,0.0080954554799076,0.0160105950021652,0.0
25,14491,6679,1323088,40800,2701355,3.022507040633979,0.0,0.0151035313759206,0.0050480391326956,0.0100554922432249,0.0
8,387,18799,1323088,112637,2701355,3.0188074637350666,0.0,0.0416964819507247,0.0142084275573506,0.027488054393374,0.0
10,15055,6837,1323088,41701,2701355,3.018522808479777,0.0,0.0154370676938055,0.0051674567375714,0.010269610956234,0.0
9,11964,13825,1323088,83373,2701355,3.015924932327437,0.0,0.0308634000344271,0.0104490404266382,0.0204143596077888,0.0
8,8464,11948,1323088,72193,2701355,3.013225234210489,0.0,0.0267247362897508,0.009030389513018,0.0176943467767328,0.0
23,9677,17081,1323088,101742,2701355,2.9924285009606724,0.0,0.0376633208149243,0.012909950056232,0.0247533707586922,0.0
24,16247,11970,1323088,71716,2701355,2.9872223900618238,0.0,0.0265481582391059,0.0090470172807855,0.0175011409583203,0.0
22,11543,7024,1323088,42312,2701355,2.981471759861072,0.0,0.0156632504798517,0.0053087927635954,0.0103544577162563,0.0
10,15779,21552,1323088,127091,2701355,2.9814691520648124,0.0,0.0470471300514001,0.0162891659511687,0.0307579641002313,0.0
20,1230,8167,1323088,49077,2701355,2.97917537763091,0.0,0.0181675492484327,0.006172680879881,0.0119948683685517,0.0
9,12544,8691,1323088,52074,2701355,2.9726906912507416,0.0,0.0192769924722963,0.0065687240757984,0.0127082683964978,0.0
9,15684,10310,1323088,61480,2701355,2.9653988881718667,0.0,0.022758948749794,0.0077923766219631,0.0149665721278309,0.0
22,16188,24648,1323088,143611,2701355,2.9578138106965204,0.0,0.0531625795202777,0.0186291463606351,0.0345334331596426,0.0
14,6628,9642,1323088,57351,2701355,2.9547720491300984,0.0,0.0212304565671672,0.007287497127931,0.0139429594392361,0.0
0,2011,10407,1323088,61771,2701355,2.95177186947217,0.0,0.0228666724662252,0.0078656899616654,0.0150009825045598,0.0
4,1308,14070,1323088,83043,2701355,2.950755021997245,0.0,0.0307412391188866,0.0106342132949584,0.0201070258239281,0.0
25,12020,25818,1323088,149652,2701355,2.946864585109207,0.0,0.0553988646438546,0.0195134412828171,0.0358854233610374,0.0
22,13088,9059,1323088,53754,2701355,2.9449840084689423,0.0,0.0198989025877753,0.0068468612820915,0.0130520413056838,0.0
24,13212,35574,1323088,203127,2701355,2.942759986686389,0.0,0.0751944857303094,0.026887100480089,0.0483073852502204,0.0
6,15720,16923,1323088,99180,2701355,2.94176713377514,0.0,0.0367149078888187,0.0127905324513562,0.0239243754374625,0.0
8,1854,10886,1323088,64074,2701355,2.928584748395898,0.0,0.0237192075828611,0.008227721814422,0.0154914857684391,0.0
8,9883,16047,1323088,93596,2701355,2.9233794798999626,0.0,0.0346477971240359,0.0121284449711583,0.0225193521528775,0.0
21,15296,8548,1323088,50297,2701355,2.91764295950438,0.0,0.0186191744513401,0.0064606435853095,0.0121585308660306,0.0
10,880,12534,1323088,73124,2701355,2.909120002232134,0.0,0.0270693781454122,0.0094732927817348,0.0175960853636773,0.0
20,5636,13039,1323088,75912,2701355,2.9050331616655978,0.0,0.0281014527894334,0.0098549756327621,0.0182464771566713,0.0
12,13232,7601,1323088,44550,2701355,2.902043089518661,0.0,0.0164917235979721,0.0057448937636801,0.010746829834292,0.0
10,5686,14071,1323088,81600,2701355,2.8976758715291515,0.0,0.0302070627518412,0.0106349691025842,0.0195720936492569,0.0
8,13473,19111,1323088,109672,2701355,2.8873564528420825,0.0,0.0405988846338226,0.0144442395365992,0.0261546450972234,0.0
11,15710,25572,1323088,145031,2701355,2.8786772144885555,0.0,0.0536882416416946,0.0193275126068711,0.0343607290348234,0.0
22,14924,8198,1323088,47577,2701355,2.875503979076253,0.0,0.0176122723596121,0.0061961109162807,0.0114161614433314,0.0
25,1183,17725,1323088,101399,2701355,2.872187107642948,0.0,0.0375363474996807,0.0133966901672451,0.0241396573324356,0.0
20,1174,8467,1323088,48953,2701355,2.8655696642196067,0.0,0.0181216463589568,0.0063994231676199,0.0117222231913369,0.0
13,9163,8167,1323088,47163,2701355,2.860923152532895,0.0,0.0174590159382976,0.006172680879881,0.0112863350584166,0.0
9,38,9737,1323088,55823,2701355,2.846136942012155,0.0,0.0206648145097552,0.0073592988523817,0.0133055156573735,0.0
10,3902,11923,1323088,68062,2701355,2.842348500959877,0.0,0.0251955037379389,0.0090114943223731,0.0161840094155658,0.0
13,2429,9027,1323088,51441,2701355,2.8258539130433222,0.0,0.019042665625214,0.0068226754380661,0.0122199901871479,0.0
8,5387,33753,1323088,186045,2701355,2.825399591361307,0.0,0.0688709925204203,0.0255107747935133,0.0433602177269069,0.0
19,2800,18553,1323088,104338,2701355,2.824940507333185,0.0,0.0386243200171765,0.0140224988814047,0.0246018211357718,0.0
8,4342,8731,1323088,49755,2701355,2.824737363241819,0.0,0.0184185344021796,0.0065989563808303,0.0118195780213493,0.0
23,8372,22891,1323088,127634,2701355,2.8167565196088717,0.0,0.0472481402851531,0.0173011923621104,0.0299469479230427,0.0
22,10817,20379,1323088,113974,2701355,2.815852812269728,0.0,0.0421914187509601,0.0154026036061093,0.0267888151448508,0.0
14,15257,13078,1323088,73706,2701355,2.8097570445178857,0.0,0.0272848255782746,0.0098844521301682,0.0174003734481063,0.0
22,915,39145,1323088,212878,2701355,2.805863869150722,0.0,0.0788041556922359,0.0295860895118087,0.0492180661804272,0.0
4,10758,13711,1323088,77067,2701355,2.804481219606237,0.0,0.0285290159938253,0.0103628783572974,0.0181661376365278,0.0
10,3573,7837,1323088,44367,2701355,2.802394452445808,0.0,0.016423979817536,0.0059232643633681,0.0105007154541678,0.0
24,11917,20845,1323088,115938,2701355,2.801465872869299,0.0,0.0429184612907226,0.0157548099597305,0.027163651330992,0.0
7,24,9380,1323088,52902,2701355,2.7975369225018003,0.0,0.0195835053149252,0.0070894755299723,0.0124940297849529,0.0
21,1939,12012,1323088,67451,2701355,2.7951234565928957,0.0,0.0249693209518926,0.009078761201069,0.0158905597508236,0.0
23,4752,9093,1323088,51185,2701355,2.790972104289697,0.0,0.0189478983695219,0.0068725587413686,0.0120753396281532,0.0
10,2187,8095,1323088,45447,2701355,2.779705466190684,0.0,0.0168237791774868,0.0061182627308236,0.0107055164466632,0.0
25,9026,8055,1323088,45094,2701355,2.771527047120271,0.0,0.0166931040163177,0.0060880304257917,0.0106050735905259,0.0
7,15071,19876,1323088,109457,2701355,2.7689283409843566,0.0,0.040519294946425,0.0150224323703336,0.0254968625760913,0.0
12,9409,18250,1323088,100590,2701355,2.765332917087699,0.0,0.0372368681643101,0.0137934891707883,0.0234433789935217,0.0
5,10679,9265,1323088,51623,2701355,2.76269362492336,0.0,0.0191100392210575,0.0070025576530056,0.0121074815680518,0.0
7,8732,11731,1323088,65144,2701355,2.76235924526456,0.0,0.0241153050968865,0.0088663792582201,0.0152489258386663,0.0
6,5354,21151,1323088,115932,2701355,2.7601379247246496,0.0,0.0429162401831673,0.0159860870932243,0.026930153089943,0.0
4,10209,12831,1323088,70939,2701355,2.753953532697348,0.0,0.0262605248106968,0.0096977676465964,0.0165627571641004,0.0
20,13779,12935,1323088,71483,2701355,2.753111129500527,0.0,0.0264619052290424,0.0097763716396792,0.0166855335893631,0.0
20,15124,10543,1323088,58414,2701355,2.7515630798903508,0.0,0.0216239627890447,0.0079684797987737,0.0136554829902709,0.0
10,2887,10006,1323088,55462,2701355,2.750772022654128,0.0,0.0205311778718457,0.0075626111037209,0.0129685667681248,0.0
8,954,20895,1323088,114189,2701355,2.75063494080862,0.0,0.0422710084383577,0.0157926003410204,0.0264784080973373,0.0
20,14358,8167,1323088,45297,2701355,2.7458005720250096,0.0,0.0167682514886047,0.006172680879881,0.0105955706087237,0.0
23,10112,12293,1323088,67732,2701355,2.7423140444172693,0.0,0.0250733428223983,0.0092911431439178,0.0157821996784805,0.0
12,14347,11746,1323088,64684,2701355,2.738841504301865,0.0,0.0239450201843149,0.0088777163726071,0.0150673038117077,0.0
7,3766,14628,1323088,80240,2701355,2.738295692325737,0.0,0.0297036117059771,0.0110559539501529,0.0186476577558242,0.0
23,3664,14301,1323088,78384,2701355,2.73486881450824,0.0,0.0290165491022098,0.0108088048565174,0.0182077442456923,0.0
22,9342,13482,1323088,73918,2701355,2.7327772247921023,0.0,0.0273633047118945,0.01018979841099,0.0171735063009045,0.0
23,10363,12278,1323088,67390,2701355,2.73147716034124,0.0,0.0249467396917472,0.0092798060295309,0.0156669336622163,0.0
12,4302,28232,1323088,151814,2701355,2.7310499983696888,0.0,0.0561992037329414,0.0213379608914902,0.0348612428414512,0.0
7,3210,9948,1323088,54738,2701355,2.730065593038275,0.0,0.0202631642268417,0.0075187742614247,0.0127443899654169,0.0
22,4242,17668,1323088,96183,2701355,2.7278770281939506,0.0,0.0356054646649551,0.0133536091325747,0.0222518555323804,0.0
21,14576,10861,1323088,59624,2701355,2.726915442919522,0.0,0.0220718861460267,0.0082088266237771,0.0138630595222496,0.0
4,213,24895,1323088,134209,2701355,2.7262030796341525,0.0,0.0496821039811502,0.0188158308442068,0.0308662731369433,0.0
22,13214,13746,1323088,74900,2701355,2.71636804531342,0.0,0.0277268259817758,0.0103893316242003,0.0173374943575754,0.0
9,6698,10101,1323088,55069,2701355,2.704994995774224,0.0,0.0203856953269747,0.0076344128281716,0.0127512824988031,0.0
24,9992,8812,1323088,48069,2701355,2.702048317732959,0.0,0.0177944031791452,0.0066601767985198,0.0111342263806254,0.0
19,5272,8615,1323088,46899,2701355,2.695779955537124,0.0,0.0173612872058652,0.0065112826962378,0.0108500045096273,0.0
9,2197,37663,1323088,197707,2701355,2.6951355265666392,0.0,0.0731880852387042,0.0284659826103781,0.0447221026283261,0.0
25,14889,17549,1323088,94388,2701355,2.693510829874964,0.0,0.0349409833213331,0.0132636680251049,0.0216773152962282,0.0
19,15519,10001,1323088,54196,2701355,2.6880496168633723,0.0,0.0200625241776812,0.007558832065592,0.0125036921120891,0.0
14,6663,10154,1323088,54985,2701355,2.686577670295598,0.0,0.0203545998212008,0.0076744706323388,0.0126801291888619,0.0
25,14289,15082,1323088,81046,2701355,2.6824391343345835,0.0,0.0300019804875701,0.0113990906122646,0.0186028898753054,0.0
20,5165,35912,1323088,188016,2701355,2.6812794505496576,0.0,0.0696006263523306,0.0271425634576082,0.0424580628947223,0.0
24,10790,8568,1323088,46340,2701355,2.677791697667624,0.0,0.0171543540186313,0.0064757597378254,0.0106785942808059,0.0
12,3122,12278,1323088,66086,2701355,2.6772974827645712,0.0,0.0244640189830659,0.0092798060295309,0.0151842129535349,0.0
25,3766,8676,1323088,46891,2701355,2.676237346086008,0.0,0.0173583257291248,0.0065573869614114,0.0108009387677133,0.0
25,16333,299494,1323088,1185168,2701355,2.6715712027710987,0.0,0.4387309331798301,0.2263598490803332,0.2123710840994968,0.0
7,5227,10005,1323088,53669,2701355,2.660309160919943,0.0,0.0198674368974088,0.0075618552960951,0.0123055816013136,0.0
8,278,19813,1323088,104346,2701355,2.642945305800648,0.0,0.0386272814939169,0.0149748164899084,0.0236524650040084,0.0
10,14911,36309,1323088,187428,2701355,2.642235268633381,0.0,0.0693829578119129,0.0274426190850495,0.0419403387268633,0.0
8,4666,21391,1323088,112045,2701355,2.633220627888128,0.0,0.0414773326719368,0.0161674809234155,0.0253098517485213,0.0
20,6081,8486,1323088,45108,2701355,2.630730598012597,0.0,0.0166982866006133,0.0064137835125101,0.0102845030881032,0.0
9,10548,13904,1323088,73278,2701355,2.6254058699606717,0.0,0.0271263865726644,0.0105087492290762,0.0166176373435882,0.0
9,2234,15824,1323088,83192,2701355,2.625015737315217,0.0,0.0307963966231761,0.0119598998706057,0.0188364967525704,0.0
23,2259,8578,1323088,45484,2701355,2.624396962615197,0.0,0.016837476007411,0.0064833178140834,0.0103541581933276,0.0
6,6482,9924,1323088,52499,2701355,2.622556747112513,0.0,0.0194343209241288,0.0075006348784056,0.0119336860457231,0.0
22,11799,23540,1323088,122346,2701355,2.6189233272415606,0.0,0.0452906041597642,0.0177917115112524,0.0274988926485118,0.0
22,10428,10578,1323088,55783,2701355,2.616262640527136,0.0,0.0206500071260534,0.0079949330656766,0.0126550740603767,0.0
7,10881,10898,1323088,57174,2701355,2.603498412887583,0.0,0.0211649338942863,0.0082367915059315,0.0129281423883548,0.0
24,7182,14333,1323088,74858,2701355,2.602451015065275,0.0,0.0277112782288888,0.0108329907005429,0.0168782875283458,0.0
25,6071,13407,1323088,70095,2701355,2.6022989955727005,0.0,0.0259480890145871,0.0101331128390553,0.0158149761755318,0.0
5,4175,11394,1323088,59443,2701355,2.590232145876416,0.0,0.0220048827347756,0.0086116720883267,0.0133932106464489,0.0
17,262,17309,1323088,89669,2701355,2.590115121576511,0.0,0.0331940822291035,0.0130822741949137,0.0201118080341898,0.0
23,10619,21198,1323088,109082,2701355,2.584352552044318,0.0,0.0403804757242198,0.0160216100516367,0.0243588656725831,0.0
10,12628,8568,1323088,44631,2701355,2.577376824068371,0.0,0.0165217085499684,0.0064757597378254,0.0100459488121429,0.0
13,16103,14616,1323088,75468,2701355,2.5728988147936684,0.0,0.0279370908303425,0.0110468842586434,0.0168902065716991,0.0
23,14735,18060,1323088,92841,2701355,2.571868276210579,0.0,0.0343683077566628,0.0136498857218869,0.0207184220347758,0.0
11,13399,12790,1323088,66122,2701355,2.570552596959567,0.0,0.0244773456283976,0.0096667795339387,0.0148105660944588,0.0
25,7509,9492,1323088,49187,2701355,2.566571645517081,0.0,0.0182082695536129,0.0071741259840615,0.0110341435695513,0.0
11,7891,9851,1323088,51005,2701355,2.5655017389223755,0.0,0.0188812651428634,0.0074454609217225,0.0114358042211409,0.0
9,13638,20080,1323088,102628,2701355,2.562645781593736,0.0,0.037991304363921,0.0151766171259961,0.0228146872379249,0.0
5,9964,15845,1323088,81170,2701355,2.555804740476542,0.0,0.0300478833770459,0.0119757718307474,0.0180721115462985,0.0
10,8535,15107,1323088,77300,2701355,2.550526067157646,0.0,0.0286152690038887,0.0114179858029095,0.0171972832009792,0.0
11,1814,13979,1323088,71577,2701355,2.5489076911156068,0.0,0.0264967025807418,0.0105654348010109,0.0159312677797309,0.0
21,1383,35341,1323088,176314,2701355,2.544310304058381,0.0,0.0652687262503447,0.0267109973032783,0.0385577289470663,0.0
9,1012,12168,1323088,62246,2701355,2.541037702529706,0.0,0.0230425101476851,0.0091966671906932,0.0138458429569918,0.0
25,5123,19275,1323088,97712,2701355,2.5385597360897827,0.0,0.0361714769069596,0.0145681919872298,0.0216032849197297,0.0
13,14713,11406,1323088,58307,2701355,2.5369437499171617,0.0,0.0215843530376422,0.0086207417798362,0.0129636112578059,0.0
25,14262,11753,1323088,60045,2701355,2.5364271324731007,0.0,0.022227733859489,0.0088830070259876,0.0133447268335013,0.0
23,12110,10670,1323088,54568,2701355,2.535868928332586,0.0,0.0202002328461087,0.0080644673672499,0.0121357654788587,0.0
23,878,10551,1323088,53958,2701355,2.535447972581954,0.0,0.0199744202446549,0.0079745262597801,0.0119998939848748,0.0
6,11224,12636,1323088,64449,2701355,2.5347377654805374,0.0,0.0238580268050663,0.0095503851595661,0.0143076416455002,0.0
9,13782,26923,1323088,135056,2701355,2.533631600745157,0.0,0.0499956503310375,0.0203486087093224,0.0296470416217151,0.0
24,12454,18439,1323088,93286,2701355,2.530776049381391,0.0,0.0345330399003463,0.0139363368120639,0.0205967030882824,0.0
25,2946,9239,1323088,47173,2701355,2.52745414220829,0.0,0.0174627177842231,0.0069829066547349,0.0104798111294881,0.0
12,4770,10142,1323088,51695,2701355,2.525699325743163,0.0,0.0191366925117209,0.0076654009408293,0.0114712915708916,0.0
8,13804,10008,1323088,50986,2701355,2.5239949884492185,0.0,0.018874231635605,0.0075641227189725,0.0113101089166325,0.0
5,3485,10587,1323088,53849,2701355,2.521549043753453,0.0,0.0199340701240673,0.0080017353343088,0.0119323347897585,0.0
7,6378,31965,1323088,158697,2701355,2.5210048228668525,0.0,0.0587471842834429,0.0241593907585889,0.0345877935248539,0.0
16,14884,11115,1323088,56473,2701355,2.520286938723288,0.0,0.0209054344949108,0.0084008017607294,0.0125046327341814,0.0
25,8841,12424,1323088,62991,2701355,2.5186842045962097,0.0,0.0233182976691327,0.0093901539428972,0.0139281437262354,0.0
4,8834,11678,1323088,59221,2701355,2.5170446343419046,0.0,0.0219227017552302,0.0088263214540529,0.0130963803011773,0.0
21,11184,20384,1323088,102337,2701355,2.516400311225868,0.0,0.0378835806474898,0.0154063826442383,0.0224771980032515,0.0
21,5722,21175,1323088,106186,2701355,2.515707596248143,0.0,0.0393084211442035,0.0160042264762434,0.0233041946679601,0.0
9,4125,16423,1323088,82713,2701355,2.5130979115890058,0.0,0.030619078203346,0.0124126286384579,0.0182064495648881,0.0
23,2377,16982,1323088,85339,2701355,2.5089773551998227,0.0,0.0315911829433747,0.0128351251012782,0.0187560578420964,0.0
22,9725,10416,1323088,52669,2701355,2.505992962620136,0.0,0.0194972523048618,0.0078724922302976,0.0116247600745642,0.0
19,15726,15720,1323088,78973,2701355,2.5045401020651616,0.0,0.02923458782722,0.0118812958775228,0.0173532919496971,0.0
10,9250,10714,1323088,54103,2701355,2.5034103186748413,0.0,0.0200280970105743,0.008097722902785,0.0119303741077893,0.0
25,514,205223,1323088,848513,2701355,2.494499611292776,0.0,0.314106439175895,0.15510910838886,0.158997330787035,0.0
22,14173,23575,1323088,116878,2701355,2.492809131153746,0.0,0.0432664348077168,0.0178181647781553,0.0254482700295615,0.0
25,8226,13627,1323088,68286,2701355,2.492078658673856,0.0,0.0252784250866694,0.0102993905167305,0.0149790345699389,0.0
25,189,38385,1323088,187026,2701355,2.489551268597597,0.0,0.0692341436057089,0.0290116757162033,0.0402224678895056,0.0
24,12947,15418,1323088,76930,2701355,2.486174944833736,0.0,0.0284783007046463,0.0116530419745323,0.016825258730114,0.0
6,658,11292,1323088,56430,2701355,2.478518252281852,0.0,0.0208895165574313,0.0085345797104954,0.0123549368469359,0.0
23,7372,13406,1323088,66676,2701355,2.4723415730692477,0.0,0.0246824278926686,0.0101323570314295,0.0145500708612391,0.0
15,15574,12331,1323088,61396,2701355,2.472104261623933,0.0,0.0227278532440201,0.0093198638336981,0.0134079894103219,0.0
10,2640,35568,1323088,172545,2701355,2.4699076613041138,0.0,0.0638735005210348,0.0268825656343342,0.0369909348867005,0.0
24,10403,18063,1323088,88976,2701355,2.460739514810986,0.0,0.0329375443064684,0.0136521531447643,0.019285391161704,0.0
22,11872,11998,1323088,59449,2701355,2.458956465322099,0.0,0.0220071038423309,0.0090681798943078,0.0129389239480231,0.0
7,11595,9837,1323088,48855,2701355,2.458887696215513,0.0,0.0180853682688872,0.0074348796149613,0.0106504886539259,0.0
9,5197,42537,1323088,203762,2701355,2.456018018155685,0.0,0.0754295529465768,0.0321497889785108,0.0432797639680659,0.0
24,8901,9832,1323088,48723,2701355,2.45337841753173,0.0,0.018036503902671,0.0074311005768323,0.0106054033258386,0.0
6,15593,11584,1323088,57288,2701355,2.453026701016367,0.0,0.0212071349378367,0.008755275537228,0.0124518594006086,0.0
7,203,10252,1323088,50643,2701355,2.446576275974253,0.0,0.0187472583203614,0.0077485397796669,0.0109987185406944,0.0
13,5190,11531,1323088,56792,2701355,2.4426061333510094,0.0,0.0210235233799334,0.0087152177330608,0.0123083056468725,0.0
11,6160,12235,1323088,60128,2701355,2.4390519403722,0.0,0.0222584591806704,0.0092473063016216,0.0130111528790487,0.0
20,916,11598,1323088,57013,2701355,2.4380249746007725,0.0,0.0211053341748863,0.0087658568439892,0.012339477330897,0.0
24,2539,15610,1323088,76374,2701355,2.436973797115609,0.0,0.0282724780711902,0.0117981570386852,0.0164743210325049,0.0
12,6948,13073,1323088,64039,2701355,2.4332312155179414,0.0,0.023706251122122,0.0098806730920392,0.0138255780300828,0.0
10,12422,11722,1323088,57393,2701355,2.4284318477974924,0.0,0.0212460043200541,0.0088595769895879,0.0123864273304662,0.0
21,1960,14156,1323088,68984,2701355,2.4231360937553537,0.0,0.0255368139322673,0.0106992127507769,0.0148376011814903,0.0
9,5099,30680,1323088,146832,2701355,2.421336671053325,0.0,0.0543549440928719,0.0231881779594403,0.0311667661334315,0.0
25,7621,20633,1323088,99756,2701355,2.420466179190138,0.0,0.0369281342141258,0.0155945787430616,0.0213335554710641,0.0
23,156,39477,1323088,187112,2701355,2.419823442516071,0.0,0.069265979480668,0.0298370176435732,0.0394289618370948,0.0
3,6567,26975,1323088,129111,2701355,2.411751155425436,0.0,0.0477949029283452,0.0203879107058638,0.0274069922224813,0.0
9,11592,12549,1323088,60960,2701355,2.4111092372784038,0.0,0.0225664527616696,0.0094846298961218,0.0130818228655478,0.0
18,13578,9753,1323088,47499,2701355,2.4101518532387325,0.0,0.0175833979613934,0.0073713917743944,0.010212006186999,0.0
7,11164,12110,1323088,58830,2701355,2.410077477710818,0.0,0.0217779595795443,0.009152830348397,0.0126251292311472,0.0
6,5814,42252,1323088,198692,2701355,2.4067127731515017,0.0,0.0735527170623631,0.0319343838051588,0.0416183332572043,0.0
14,2102,18411,1323088,88711,2701355,2.4061509347961594,0.0,0.0328394453894434,0.0139151741985415,0.0189242711909018,0.0
12,15154,13416,1323088,64951,2701355,2.404990543908476,0.0,0.0240438594705249,0.0101399151076874,0.0139039443628375,0.0
11,14721,13286,1323088,64097,2701355,2.396053362332676,0.0,0.0237277218284897,0.0100416601163339,0.0136860617121558,0.0
11,12929,10189,1323088,49152,2701355,2.387999257070798,0.0,0.0181953130928737,0.0077009238992417,0.0104943891936319,0.0
25,3990,17307,1323088,82631,2701355,2.380684429587454,0.0,0.0305887230667572,0.0130807625796621,0.0175079604870951,0.0
24,10132,15562,1323088,74428,2701355,2.380527852844049,0.0,0.0275520988540935,0.011761878272647,0.0157902205814465,0.0
21,14033,13338,1323088,63882,2701355,2.3784179621534465,0.0,0.0236481321410921,0.0100809621128753,0.0135671700282168,0.0
21,7783,13628,1323088,65169,2701355,2.375336374498634,0.0,0.0241245597117002,0.0103001463243563,0.0138244133873438,0.0
23,12507,16388,1323088,78032,2701355,2.371760910693261,0.0,0.0288862441256332,0.012386175371555,0.0165000687540782,0.0
23,5054,14827,1323088,70700,2701355,2.3713552796755457,0.0,0.0261720506930781,0.0112063596676865,0.0149656910253916,0.0
4,11322,22042,1323088,104082,2701355,2.365373254044087,0.0,0.0385295527614845,0.0166595116878091,0.0218700410736753,0.0
4,12355,13188,1323088,62680,2701355,2.3594038789659977,0.0,0.0232031702608505,0.0099675909690058,0.0132355792918447,0.0
10,8661,11383,1323088,54160,2701355,2.3576110587334567,0.0,0.0200491975323495,0.0086033582044429,0.0114458393279065,0.0
24,3316,22508,1323088,105821,2701355,2.355837354683161,0.0,0.0391733037679238,0.0170117180414303,0.0221615857264935,0.0
8,4629,17287,1323088,81626,2701355,2.353582965034004,0.0,0.0302166875512474,0.0130656464271461,0.0171510411241012,0.0
8,12426,20800,1323088,97857,2701355,2.3533057332865246,0.0,0.0362251536728789,0.0157207986165697,0.0205043550563092,0.0
10,3692,15068,1323088,71242,2701355,2.351367266984761,0.0,0.0263726907422386,0.0113885093055034,0.0149841814367351,0.0
20,10145,23100,1323088,108273,2701355,2.3498020766683925,0.0,0.0400809963888493,0.0174591561559019,0.0226218402329473,0.0
12,2602,12826,1323088,60591,2701355,2.3439343284563923,0.0,0.0224298546470197,0.0096939886084674,0.0127358660385522,0.0
25,3356,10553,1323088,49807,2701355,2.336285133558074,0.0,0.018437784000992,0.0079760378750317,0.0104617461259603,0.0
16,3976,10552,1323088,49763,2701355,2.3344054885215324,0.0,0.01842149587892,0.0079752820674059,0.010446213811514,0.0
13,11530,12905,1323088,60602,2701355,2.329877709511921,0.0,0.0224339266775377,0.0097536974109053,0.0126802292666323,0.0
25,7191,10241,1323088,48175,2701355,2.32769866981568,0.0,0.0178336427459552,0.0077402258957831,0.010093416850172,0.0
21,1480,11380,1323088,53256,2701355,2.318084333563021,0.0,0.0197145506606869,0.0086010907815655,0.0111134598791214,0.0
22,3559,20041,1323088,92989,2701355,2.317948269669384,0.0,0.0344230950763598,0.01514714062859,0.0192759544477697,0.0
23,10,11713,1323088,54745,2701355,2.315865152079182,0.0,0.0202657555189895,0.0088527747209558,0.0114129807980337,0.0
25,13777,21079,1323088,97407,2701355,2.3105844328486147,0.0,0.0360585706062328,0.0159316689441669,0.0201269016620658,0.0
7,12052,14309,1323088,66540,2701355,2.3098815158332524,0.0,0.0246320827880822,0.0108148513175238,0.0138172314705584,0.0
8,6033,12397,1323088,57675,2701355,2.3065476650702923,0.0,0.0213503963751524,0.0093697471370007,0.0119806492381517,0.0
8,11596,20013,1323088,92403,2701355,2.3060950304730548,0.0,0.0342061669051272,0.0151259780150677,0.0190801888900594,0.0
9,9442,21054,1323088,96990,2701355,2.3031001075059576,0.0,0.0359042036311406,0.015912773753522,0.0199914298776186,0.0
11,5881,10646,1323088,49518,2701355,2.302024427644782,0.0,0.0183308006537459,0.0080463279842308,0.0102844726695151,0.0
9,3884,11461,1323088,53219,2701355,2.299928103222818,0.0,0.0197008538307627,0.008662311199255,0.0110385426315076,0.0
23,2883,28396,1323088,129632,2701355,2.298250321343512,0.0,0.0479877691010622,0.0214619133421208,0.0265258557589413,0.0
7,10900,14293,1323088,65821,2701355,2.286883738600209,0.0,0.0243659200660409,0.0108027583955111,0.0135631616705298,0.0
10,839,17114,1323088,78289,2701355,2.277584669026322,0.0,0.0289813815659178,0.0129348917078833,0.0160464898580344,0.0
12,16244,10798,1323088,49692,2701355,2.2774803788368803,0.0,0.0183952127728491,0.0081612107433519,0.0102340020294972,0.0
13,10985,21229,1323088,96562,2701355,2.2733559939491723,0.0,0.0357457646255305,0.0160450400880364,0.019700724537494,0.0
10,13718,15912,1323088,72668,2701355,2.270981652708146,0.0,0.0269005739712107,0.0120264109416758,0.0148741630295349,0.0
14,971,12032,1323088,55121,2701355,2.2697198817423376,0.0,0.0204049449257872,0.0090938773535849,0.0113110675722022,0.0
19,12500,14582,1323088,66611,2701355,2.2686429707614546,0.0,0.0246583658941531,0.0110211867993663,0.0136371790947867,0.0
9,917,14394,1323088,65410,2701355,2.2561315447482446,0.0,0.024213774198504,0.0108790949657165,0.0133346792327875,0.0
3,1000,25993,1323088,116751,2701355,2.2541456560903184,0.0,0.0432194213644633,0.0196457076173315,0.0235737137471318,0.0
6,7745,15659,1323088,70799,2701355,2.247158271285048,0.0,0.0262086989677402,0.0118351916123492,0.0143735073553909,0.0
20,3167,13090,1323088,59279,2701355,2.245362932135833,0.0,0.0219441724615979,0.0098935218216777,0.0120506506399202,0.0
8,15946,22112,1323088,99296,2701355,2.245204342014648,0.0,0.0367578493015542,0.0167124182216148,0.0200454310799393,0.0
10,3359,19081,1323088,85697,2701355,2.2390482430806804,0.0,0.0317237090275065,0.0144215653078253,0.0173021437196812,0.0
24,16182,271702,1323088,989551,2701355,2.236935694947289,0.0,0.3663165337395492,0.2053544435441935,0.1609620901953556,0.0
19,12157,14260,1323088,64266,2701355,2.236760755625512,0.0,0.0237902830246302,0.0107778167438598,0.0130124662807704,0.0
25,3379,14739,1323088,66333,2701355,2.2346061090576868,0.0,0.024555454577425,0.0111398485966164,0.0134156059808086,0.0
22,460,21171,1323088,94597,2701355,2.2316114156482763,0.0,0.0350183519011755,0.0160012032457402,0.0190171486554352,0.0
22,11293,22691,1323088,101085,2701355,2.227873835441297,0.0,0.0374201095376209,0.0171500308369511,0.0202700787006698,0.0
25,538,29110,1323088,128753,2701355,2.224689685695276,0.0,0.0476623768442133,0.0220015599869396,0.0256608168572737,0.0
25,8209,78920,1323088,333590,2701355,2.2210911276058654,0.0,0.1234898782277782,0.0596483378278693,0.0638415403999089,0.0
8,12389,12413,1323088,55628,2701355,2.2200700445819,0.0,0.0205926285142086,0.0093818400590134,0.0112107884551951,0.0
25,3361,12842,1323088,57439,2701355,2.2165595026224447,0.0,0.0212630328113113,0.0097060815304802,0.0115569512808311,0.0
21,8021,11507,1323088,51472,2701355,2.2139986318557217,0.0,0.0190541413475829,0.0086970783500417,0.0103570629975412,0.0
25,5024,11847,1323088,52906,2701355,2.210993394703752,0.0,0.0195849860532954,0.0089540529428125,0.0106309331104829,0.0
8,5444,13847,1323088,61407,2701355,2.1993098189641582,0.0,0.0227319252745381,0.0104656681944058,0.0122662570801323,0.0
14,2143,17226,1323088,76136,2701355,2.1985551231193017,0.0,0.0281843741381639,0.0130195421619725,0.0151648319761913,0.0
12,15158,20786,1323088,91516,2701355,2.1969698528421757,0.0,0.0338778131715379,0.0157102173098085,0.0181675958617294,0.0
20,6227,17366,1323088,76628,2701355,2.1950998328273474,0.0,0.0283665049576971,0.0131253552295841,0.015241149728113,0.0
25,3765,16461,1323088,72569,2701355,2.191246919687151,0.0,0.0268639256965485,0.0124413493282381,0.0144225763683104,0.0
10,1733,17161,1323088,75376,2701355,2.1843294838423004,0.0,0.0279030338478282,0.0129704146662958,0.0149326191815324,0.0
20,13718,12615,1323088,55530,2701355,2.180255448106704,0.0,0.0205563504241389,0.0095345131994243,0.0110218372247146,0.0
20,7150,19275,1323088,84292,2701355,2.1786782674097465,0.0,0.0312035996749779,0.0145681919872298,0.016635407687748,0.0
9,10029,14857,1323088,64833,2701355,2.1652997768589213,0.0,0.0240001776886044,0.0112290338964604,0.012771143792144,0.0
9,12261,16260,1323088,70656,2701355,2.158617916976422,0.0,0.026155762571006,0.012289431995453,0.0138663305755529,0.0
6,1844,67933,1323088,282329,2701355,2.1564109087505474,0.0,0.1045138458292227,0.0513442794432418,0.0531695663859808,0.0
24,10462,52005,1323088,218689,2701355,2.1529673892463714,0.0,0.0809552983595269,0.0393057755795532,0.0416495227799736,0.0
8,4128,13467,1323088,58430,2701355,2.1499374143265104,0.0,0.0216298857425255,0.010178461296603,0.0114514244459224,0.0
10,4231,12018,1323088,52137,2701355,2.1469504483363537,0.0,0.0193003141016267,0.0090832960468237,0.0102170180548029,0.0
9,14020,16747,1323088,72301,2701355,2.145182941778228,0.0,0.0267647162257459,0.012657510309216,0.0141072059165299,0.0
5,718,20467,1323088,88035,2701355,2.1440092866174494,0.0,0.0325892006048816,0.0154691146771794,0.0171200859277021,0.0
24,8269,39895,1323088,168090,2701355,2.1341982856225354,0.0,0.0622243281612376,0.0301529452311562,0.0320713829300813,0.0
15,8901,14681,1323088,63081,2701355,2.1309138501578047,0.0,0.0233516142824619,0.0110960117543201,0.0122556025281417,0.0
21,10253,31175,1323088,131946,2701355,2.128089035660132,0.0,0.0488443762482161,0.0235623027342096,0.0252820735140065,0.0
21,10003,12677,1323088,54435,2701355,2.125829607986431,0.0,0.0201509982952999,0.0095813732722237,0.0105696250230761,0.0
22,5115,12451,1323088,53454,2701355,2.1249888555096024,0.0,0.0197878472100112,0.0094105607487937,0.0103772864612175,0.0
12,500,14293,1323088,61267,2701355,2.1249878222152883,0.0,0.0226800994315815,0.0108027583955111,0.0118773410360704,0.0
12,12754,21780,1323088,92685,2701355,2.122816891767388,0.0,0.0343105589602255,0.0164614900898504,0.0178490688703751,0.0
21,5499,13511,1323088,57864,2701355,2.121652048271631,0.0,0.0214203612631438,0.0102117168321381,0.0112086444310057,0.0
9,11829,13294,1323088,56936,2701355,2.121309349808429,0.0,0.0210768299612601,0.0100477065773402,0.0110291233839198,0.0
14,3186,18052,1323088,76770,2701355,2.1145992088282712,0.0,0.0284190711698388,0.0136438392608806,0.0147752319089582,0.0
25,6727,19598,1323088,83231,2701355,2.114418019004416,0.0,0.0308108338222854,0.0148123178503621,0.0159985159719232,0.0
10,6970,40778,1323088,170132,2701355,2.1135995456836763,0.0,0.0629802450992187,0.0308203233647346,0.0321599217344841,0.0
24,8717,12458,1323088,53002,2701355,2.1054656670090752,0.0,0.0196205237741799,0.0094158514021743,0.0102046723720056,0.0
11,15502,18474,1323088,77975,2701355,2.099013711532338,0.0,0.028865143603858,0.0139627900789667,0.0149023535248912,0.0
9,10190,13811,1323088,58513,2701355,2.0988798525098176,0.0,0.0216606110637069,0.0104384591198771,0.0112221519438297,0.0
11,415,14742,1323088,62370,2701355,2.0975147641991145,0.0,0.0230884130371609,0.0111421160194937,0.0119462970176671,0.0
10,3870,19498,1323088,82168,2701355,2.097428495156466,0.0,0.0304173276004079,0.0147367370877825,0.0156805905126254,0.0
25,6595,14116,1323088,59469,2701355,2.0873499665489987,0.0,0.0220145075341819,0.0106689804457451,0.0113455270884368,0.0
9,13857,23277,1323088,97163,2701355,2.083440569086638,0.0,0.0359682455656513,0.0175929341056679,0.0183753114599833,0.0
11,3698,14451,1323088,60749,2701355,2.0833240230578816,0.0,0.0224883438126421,0.0109221760003869,0.0115661678122552,0.0
18,9456,15474,1323088,64983,2701355,2.082907749457075,0.0,0.0240557053774864,0.0116953672015769,0.0123603381759095,0.0
24,3627,24744,1323088,102945,2701355,2.0788226845626263,0.0,0.0381086528797584,0.0187017038927115,0.0194069489870469,0.0
23,8192,18322,1323088,76586,2701355,2.077868463290708,0.0,0.0283509572048101,0.0138479073198456,0.0145030498849644,0.0
22,14622,14024,1323088,58767,2701355,2.075835998239659,0.0,0.0217546379502138,0.0105994461441718,0.011155191806042,0.0
9,10742,22304,1323088,92282,2701355,2.062781357007651,0.0,0.034161374569429,0.0168575332857678,0.0173038412836612,0.0
6,3588,28430,1323088,116502,2701355,2.0524648615748906,0.0,0.0431272454009191,0.0214876108013979,0.0216396345995212,0.0
8,9770,30592,1323088,125092,2701355,2.0514487749557437,0.0,0.0463071310508985,0.0231216668883702,0.0231854641625282,0.0
21,15945,14029,1323088,58104,2701355,2.051162800506313,0.0,0.0215092055653551,0.0106032251823007,0.0109059803830543,0.0
4,888,16808,1323088,69333,2701355,2.0472492251204586,0.0,0.0256660083550662,0.0127036145743896,0.0129623937806766,0.0
25,9695,164810,1323088,606770,2701355,2.0358949227120955,0.0,0.2246169052197878,0.1245646548075411,0.1000522504122467,0.0
7,13194,37083,1323088,149650,2701355,2.033827206310727,0.0,0.0553981242746695,0.0280276141874161,0.0273705100872534,0.0
9,4075,18697,1323088,76516,2701355,2.033693281358371,0.0,0.0283250442833318,0.0141313351795194,0.0141937091038124,0.0
25,7964,17931,1323088,73382,2701355,2.0324828588685566,0.0,0.0271648857702893,0.0135523865381592,0.0136124992321301,0.0
11,2201,16404,1323088,67161,2701355,2.030907813558908,0.0,0.024861967420054,0.0123982682935677,0.0124636991264862,0.0
4,12642,14054,1323088,57565,2701355,2.0280680862164453,0.0,0.0213096760699722,0.0106221203729457,0.0106875556970265,0.0
11,14961,32589,1323088,131504,2701355,2.0263649158041077,0.0,0.0486807546583103,0.024631014717086,0.0240497399412242,0.0
24,11097,43523,1323088,173979,2701355,2.0238135635848717,0.0,0.0644043452267473,0.0328950152975463,0.0315093299292009,0.0
18,14513,21704,1323088,88124,2701355,2.0220043359454745,0.0,0.0326221470336183,0.0164040487102898,0.0162180983233284,0.0
2,15933,21508,1323088,87285,2701355,2.020659988851805,0.0,0.0323115621604713,0.0162559104156337,0.0160556517448375,0.0
23,1411,14064,1323088,57360,2701355,2.019236855656175,0.0,0.0212337882285001,0.0106296784492036,0.0106041097792964,0.0
9,1277,15963,1323088,64905,2701355,2.0158639679696915,0.0,0.0240268309792678,0.0120649571305914,0.0119618738486763,0.0
12,5300,15306,1323088,62237,2701355,2.014946354276015,0.0,0.0230391784863522,0.011568391520443,0.0114707869659091,0.0
7,377,21968,1323088,88587,2701355,2.008149210755288,0.0,0.0327935424999676,0.0166035819235001,0.0161899605764674,0.0
10,10555,14948,1323088,60568,2701355,2.0071553909977946,0.0,0.0224213404013911,0.0112978123904078,0.0111235280109832,0.0
20,9720,13587,1323088,55101,2701355,2.006828279063932,0.0,0.0203975412339363,0.0102691582116986,0.0101283830222376,0.0
25,5094,66224,1323088,258000,2701355,2.004038279723715,0.0,0.095507624877145,0.0500526042107554,0.0454550206663895,0.0
9,761,20894,1323088,83904,2701355,1.9978285036117445,0.0,0.0310599680530696,0.0157918445333946,0.015268123519675,0.0
11,1743,35172,1323088,139597,2701355,1.995393063439064,0.0,0.0516766585657938,0.0265832658145187,0.025093392751275,0.0
25,12996,16939,1323088,68042,2701355,1.9924138027168348,0.0,0.0251881000460879,0.0128026253733689,0.012385474672719,0.0
21,6519,15209,1323088,61150,2701355,1.991708234270187,0.0,0.0226367878342535,0.0114950781807408,0.0111417096535127,0.0
25,7176,141073,1323088,518760,2701355,1.9914637776126631,0.0,0.1920369592297199,0.1066240491940067,0.0854129100357131,0.0
22,1040,16168,1323088,64832,2701355,1.987698722638594,0.0,0.0239998075040118,0.0122198976938797,0.0117799098101321,0.0
9,4695,25646,1323088,101920,2701355,1.983575645793793,0.0,0.0377292136723977,0.0193834423711801,0.0183457713012175,0.0
8,9426,19053,1323088,76084,2701355,1.9835587867617817,0.0,0.0281651245393515,0.014400402694303,0.0137647218450485,0.0
22,13563,14906,1323088,59665,2701355,1.9821880108861856,0.0,0.0220870637143211,0.0112660684701244,0.0108209952441967,0.0
24,9716,32409,1323088,128063,2701355,1.9819249943072383,0.0,0.0474069494753558,0.0244949693444427,0.0229119801309131,0.0
8,6054,15626,1323088,62461,2701355,1.980469884293166,0.0,0.0231220998350827,0.011810249960698,0.0113118498743847,0.0
8,6314,17769,1323088,70466,2701355,1.9675726024316276,0.0,0.026085427498422,0.0134299457027801,0.0126554817956419,0.0
24,4218,47679,1323088,184648,2701355,1.9626112777085385,0.0,0.068353844644632,0.0360361517903571,0.0323176928542749,0.0
8,2336,20394,1323088,80477,2701355,1.9613945809538404,0.0,0.0297913454544108,0.0154139407204962,0.0143774047339145,0.0
22,5337,15882,1323088,62852,2701355,1.9606512492110504,0.0,0.0232668420107686,0.0120037367129019,0.0112631052978667,0.0
21,5929,15587,1323088,61497,2701355,1.9541273266896615,0.0,0.0227652418878673,0.0117807734632919,0.0109844684245754,0.0
20,13092,14809,1323088,58439,2701355,1.9534129062976957,0.0,0.0216332174038584,0.0111927551304221,0.0104404622734362,0.0
11,14910,14895,1323088,58747,2701355,1.9524695145778423,0.0,0.0217472342583629,0.0112577545862406,0.0104894796721222,0.0
9,11685,24296,1323088,95035,2701355,1.9492191452345975,0.0,0.0351804927527111,0.0183631020763547,0.0168173906763564,0.0
16,11209,17961,1323088,70559,2701355,1.9488908009383696,0.0,0.0261198546655289,0.0135750607669331,0.0125447938985958,0.0
7,12502,25030,1323088,97703,2701355,1.9460688938302544,0.0,0.0361681452456267,0.0189178648736894,0.0172502803719373,0.0
22,13803,17497,1323088,68479,2701355,1.940754312239365,0.0,0.025349870713031,0.0132243660285634,0.0121255046844675,0.0
11,2802,14640,1323088,57288,2701355,1.9364513734979076,0.0,0.0212071349378367,0.0110650236416625,0.0101421112961742,0.0
25,1944,15211,1323088,59481,2701355,1.9358660193746648,0.0,0.0220189497492924,0.0114965897959924,0.0105223599533,0.0
25,16362,16549,1323088,64616,2701355,1.934744179991616,0.0,0.0239198476320217,0.0125078603993082,0.0114119872327134,0.0
2,12714,21591,1323088,83950,2701355,1.9333931997965796,0.0,0.0310769965443268,0.0163186424485748,0.0147583540957519,0.0
9,10755,30033,1323088,115983,2701355,1.9314771683963496,0.0,0.0429351195973872,0.0226991704255499,0.0202359491718373,0.0
9,11613,21558,1323088,83670,2701355,1.929736893608328,0.0,0.0309733448584136,0.0162937007969235,0.01467964406149,0.0
4,12699,18241,1323088,70878,2701355,1.9274711821450448,0.0,0.0262379435505514,0.0137866869021561,0.0124512566483953,0.0
23,4739,64717,1323088,243593,2701355,1.927149039553392,0.0,0.0901743754523193,0.0489136021186799,0.0412607733336393,0.0
18,13298,15335,1323088,59659,2701355,1.9259059528320488,0.0,0.0220848426067658,0.0115903099415911,0.0104945326651746,0.0
22,13872,67713,1323088,253952,2701355,1.923745290407345,0.0,0.0940091176465144,0.0511780017655666,0.0428311158809478,0.0
4,3650,16186,1323088,62614,2701355,1.9159235265744812,0.0,0.0231787380777424,0.0122335022311441,0.0109452358465983,0.0
9,14164,16590,1323088,64024,2701355,1.9117915048684069,0.0,0.0237006983532338,0.0125388485119659,0.0111618498412678,0.0
24,11890,44885,1323088,169943,2701355,1.9117849968447984,0.0,0.0629102802112273,0.0339244252838813,0.0289858549273459,0.0
23,860,15378,1323088,59274,2701355,1.9077861697291547,0.0,0.0219423215386352,0.0116228096695004,0.0103195118691348,0.0
19,657,17672,1323088,67947,2701355,1.905966945009778,0.0,0.025152932509796,0.0133566323630778,0.0117963001467181,0.0
7,9579,16230,1323088,62432,2701355,1.9049799555905529,0.0,0.0231113644818988,0.0122667577666791,0.0108446067152197,0.0
10,10264,39952,1323088,151114,2701355,1.903082618774046,0.0,0.0559400745181584,0.0301960262658266,0.0257440482523318,0.0
22,14713,16442,1323088,63091,2701355,1.900432544911414,0.0,0.0233553161283874,0.012426988983348,0.0109283271450393,0.0
19,7539,18443,1323088,70634,2701355,1.8993272419499667,0.0,0.0261476185099699,0.013939360042567,0.0122082584674029,0.0
4,12616,18390,1323088,70353,2701355,1.89709775710868,0.0,0.0260435966394642,0.0138993022383998,0.0121442944010644,0.0
14,7870,25563,1323088,97303,2701355,1.8966207270725084,0.0,0.0360200714086079,0.019320710338239,0.0166993610703688,0.0
7,9132,21594,1323088,82342,2701355,1.8949285121992927,0.0,0.0304817397195111,0.0163209098714522,0.0141608298480588,0.0
20,1270,20519,1323088,78222,2701355,1.8930110606450408,0.0,0.0289565791982171,0.0155084166737208,0.0134481625244963,0.0
19,3241,15548,1323088,59401,2701355,1.89081463984738,0.0,0.0219893349818887,0.0117512969658858,0.0102380380160028,0.0
9,446,16329,1323088,62197,2701355,1.885992481947487,0.0,0.0230243711026503,0.012341582721633,0.0106827883810173,0.0
22,1109,17907,1323088,68127,2701355,1.8857265248491484,0.0,0.0252195657364544,0.01353424715514,0.0116853185813143,0.0
22,3574,16957,1323088,64375,2701355,1.8803908237220688,0.0,0.0238306331452178,0.0128162299106333,0.0110144032345845,0.0
4,4550,26166,1323088,98687,2701355,1.8793933891397945,0.0,0.036532406884693,0.0197764623365943,0.0167559445480986,0.0
24,10355,22918,1323088,86195,2701355,1.86985200753256,0.0,0.031908060954595,0.0173215991680069,0.014586461786588,0.0
12,5283,40759,1323088,151544,2701355,1.869849702594844,0.0,0.0560992538929537,0.0308059630198444,0.0252932908731092,0.0
20,10864,19237,1323088,72510,2701355,1.8694917124604784,0.0,0.0268420848055883,0.0145394712974496,0.0123026135081387,0.0
9,2271,22912,1323088,86073,2701355,1.8676158883753733,0.0,0.0318628984343042,0.0173170643222521,0.014545834112052,0.0
20,4830,22752,1323088,85391,2701355,1.865590594801688,0.0,0.0316104325421871,0.0171961351021247,0.0144142974400624,0.0
23,9913,17019,1323088,64080,2701355,1.86465791220076,0.0,0.0237214286904164,0.0128630899834326,0.0108583387069837,0.0
8,13932,33411,1323088,124427,2701355,1.8638193924107915,0.0,0.0460609582968547,0.0252522885854909,0.0208086697113638,0.0
11,6227,17724,1323088,66537,2701355,1.859869548888887,0.0,0.0246309722343046,0.0133959343596193,0.0112350378746853,0.0
2,15263,18912,1323088,70937,2701355,1.8597167157566108,0.0,0.0262597844415117,0.0142938338190657,0.011965950622446,0.0
12,13125,37838,1323088,140219,2701355,1.8596604909722572,0.0,0.0519069133823581,0.0285982489448925,0.0233086644374655,0.0
25,7204,22764,1323088,85127,2701355,1.8586376938973843,0.0,0.0315127038097547,0.0172052047936342,0.0143074990161204,0.0
25,11102,60149,1323088,219213,2701355,1.8543582700330377,0.0,0.0811492750860216,0.0454610728840409,0.0356882022019806,0.0
24,2980,26451,1323088,98409,2701355,1.8533010632681244,0.0,0.0364294955679649,0.0199918675099464,0.0164376280580185,0.0
6,979,21534,1323088,80340,2701355,1.852677398702173,0.0,0.0297406301652318,0.0162755614139044,0.0134650687513274,0.0
25,13804,26556,1323088,98740,2701355,1.8522677897902529,0.0,0.036552026668098,0.020071227310655,0.0164807993574429,0.0
1,15406,16175,1323088,60526,2701355,1.851842647675732,0.0,0.0224057926485041,0.0122251883472603,0.0101806043012438,0.0
25,509,80744,1323088,290119,2701355,1.8512627362471328,0.0,0.1073975838051644,0.0610269309373223,0.046370652867842,0.0
24,9622,18411,1323088,68701,2701355,1.849246910502483,0.0,0.0254320516925765,0.0139151741985415,0.0115168774940349,0.0
23,14757,22505,1323088,83730,2701355,1.8485564493194613,0.0,0.0309955559339664,0.0170094506185529,0.0139861053154135,0.0
2,6927,19552,1323088,72838,2701355,1.8474770973316164,0.0,0.0269635053519437,0.0147775506995755,0.0121859546523682,0.0
9,11161,19887,1323088,73986,2701355,1.8453154058998424,0.0,0.0273884772641877,0.0150307462542174,0.0123577310099703,0.0
13,6797,17235,1323088,64049,2701355,1.840072072971372,0.0,0.0237099529680475,0.0130263444306047,0.0106836085374427,0.0
23,14808,19956,1323088,73897,2701355,1.8365634600371463,0.0,0.027355530835451,0.0150828969803973,0.0122726338550537,0.0
24,10359,22750,1323088,83941,2701355,1.8330595369540863,0.0,0.0310736648829939,0.0171946234868731,0.0138790413961207,0.0
7,1309,18716,1323088,69168,2701355,1.831373431254205,0.0,0.0256049278972959,0.0141456955244095,0.0114592323728864,0.0
7,974,19574,1323088,72286,2701355,1.8309999187432469,0.0,0.0267591634568577,0.014794178467343,0.0119649849895146,0.0
12,14107,18795,1323088,69242,2701355,1.825567547748569,0.0,0.0256323215571444,0.0142054043268474,0.0114269172302969,0.0
23,1302,78707,1323088,279561,2701355,1.825069463506496,0.0,0.1034891748770524,0.0594873508035746,0.0440018240734777,0.0
23,15791,65453,1323088,233846,2701355,1.82094260996883,0.0,0.0865661862287629,0.0494698765312662,0.0370963096974967,0.0
0,11553,20972,1323088,76826,2701355,1.8174675788863217,0.0,0.0284398015070214,0.0158507975282067,0.0125890039788147,0.0
7,6767,17247,1323088,63286,2701355,1.8163445418377229,0.0,0.0234275021239341,0.0130354141221143,0.0103920880018197,0.0
6,2387,16834,1323088,61723,2701355,1.814445601903088,0.0,0.022848903605783,0.0127232655726603,0.0101256380331227,0.0
20,12636,17156,1323088,62871,2701355,1.813846074267842,0.0,0.023273875518027,0.0129666356281668,0.0103072398898602,0.0
8,12446,21272,1323088,77562,2701355,1.8090922399259324,0.0,0.0287122573671361,0.0160775398159457,0.0126347175511903,0.0
25,3682,74614,1323088,263514,2701355,1.8086623417127328,0.0,0.0975488227204495,0.0563938301911891,0.0411549925292604,0.0
24,6495,63084,1323088,223962,2701355,1.8056440110087648,0.0,0.0829072817160277,0.047679368265754,0.0352279134502736,0.0
9,2712,16964,1323088,61802,2701355,1.8027200495051277,0.0,0.0228781481885942,0.0128215205640138,0.0100566276245803,0.0
20,4726,18980,1323088,68967,2701355,1.800150368181765,0.0,0.025530520794194,0.0143452287376198,0.0111852920565741,0.0
19,15855,23534,1323088,85188,2701355,1.7980904739615653,0.0,0.0315352850699001,0.0177871766654976,0.0137481084044024,0.0
25,1641,109691,1323088,377403,2701355,1.7964292406247555,0.0,0.1397087757810432,0.0829052942812571,0.056803481499786,0.0
22,14538,64073,1323088,226152,2701355,1.795334826799441,0.0,0.0837179859737057,0.0484268620076669,0.0352911239660388,0.0
25,4885,23208,1323088,83827,2701355,1.7937343864291118,0.0,0.0310314638394435,0.0175407833794879,0.0134906804599555,0.0
25,7271,18468,1323088,66842,2701355,1.7923105298575115,0.0,0.0247438785350314,0.013958255233212,0.0107856233018194,0.0
6,8844,19640,1323088,70992,2701355,1.7912077145852774,0.0,0.0262801445941018,0.0148440617706456,0.0114360828234562,0.0
25,3941,18980,1323088,68613,2701355,1.7906695881619663,0.0,0.0253994754484323,0.0143452287376198,0.0110542467108124,0.0
25,15658,31746,1323088,113636,2701355,1.7862863846635657,0.0,0.0420662963586792,0.0239938688885395,0.0180724274701397,0.0
23,16132,17265,1323088,62286,2701355,1.7850789438300383,0.0,0.023057317531387,0.0130490186593786,0.0100082988720083,0.0
19,4615,27419,1323088,98317,2701355,1.7848041477626442,0.0,0.0363954385854506,0.0207234892917175,0.015671949293733,0.0
25,154,22622,1323088,81271,2701355,1.7831521138775588,0.0,0.0300852720208932,0.0170978801107711,0.012987391910122,0.0
11,10895,26783,1323088,95968,2701355,1.782798159626089,0.0,0.0355258749775575,0.0202427956417109,0.0152830793358466,0.0
24,666,18302,1323088,65814,2701355,1.7802838302784587,0.0,0.0243633287738931,0.0138327911673297,0.0105305376065633,0.0
13,3383,18710,1323088,67253,2701355,1.7799538886582402,0.0,0.0248960244025683,0.0141411606786547,0.0107548637239135,0.0
19,14079,18538,1323088,66556,2701355,1.7776144602468875,0.0,0.024638005741563,0.0140111617670177,0.0106268439745452,0.0
25,14815,171040,1323088,563964,2701355,1.7772163183486256,0.0,0.2087707835512178,0.1292733363162541,0.0794974472349637,0.0
9,3636,48041,1323088,169315,2701355,1.774757530535636,0.0,0.0626778042871077,0.0363097541508954,0.0263680501362122,0.0
7,7548,17923,1323088,64075,2701355,1.7692413777400462,0.0,0.0237195777674537,0.0135463400771528,0.0101732376903009,0.0
7,3539,29284,1323088,103874,2701355,1.7668210616205835,0.0,0.0384525543662347,0.0221330705138282,0.0163194838524064,0.0
19,5825,34128,1323088,120653,2701355,1.7657485922752063,0.0,0.044663881644582,0.025794202653187,0.0188696789913949,0.0
25,1711,18518,1323088,65997,2701355,1.764240882277491,0.0,0.0244310725543292,0.0139960456145018,0.0104350269398273,0.0
24,16060,25975,1323088,92122,2701355,1.763082972937142,0.0,0.0341021450346215,0.0196321030800672,0.0144700419545542,0.0
12,15099,20102,1323088,71526,2701355,1.7629374719597255,0.0,0.0264778231665219,0.0151932448937636,0.0112845782727583,0.0
9,10263,30745,1323088,108701,2701355,1.7623504531638392,0.0,0.0402394353944594,0.0232373054551171,0.0170021299393423,0.0
8,9295,20756,1323088,73581,2701355,1.7569351207325925,0.0,0.0272385525042062,0.0156875430810346,0.0115510094231715,0.0
0,11393,33839,1323088,119070,2701355,1.7567803451652546,0.0,0.04407787943458,0.0255757742493318,0.0185021051852481,0.0
5,1455,20873,1323088,73980,2701355,1.7566695942938535,0.0,0.0273862561566325,0.0157759725732528,0.0116102835833796,0.0
21,11167,22694,1323088,80251,2701355,1.7544060086683195,0.0,0.0297076837364952,0.0171522982598285,0.0125553854766666,0.0
20,11261,61377,1323088,212228,2701355,1.7527091665463663,0.0,0.0785635357070803,0.0463892046485192,0.0321743310585611,0.0
25,329,242359,1323088,761142,2701355,1.7493388063987612,0.0,0.2817630411404647,0.1831767803804433,0.0985862607600213,0.0
15,9841,21244,1323088,74839,2701355,1.746105893378953,0.0,0.0277042447216304,0.0160563772024234,0.011647867519207,0.0
24,3625,35696,1323088,124487,2701355,1.742300582243166,0.0,0.0460831693724075,0.0269793090104361,0.0191038603619713,0.0
7,2871,20156,1323088,70876,2701355,1.741733725488696,0.0,0.0262372031813663,0.0152340585055566,0.0110031446758096,0.0
9,212,19919,1323088,69880,2701355,1.7373481520153964,0.0,0.0258684993271895,0.0150549320982428,0.0108135672289466,0.0
8,7359,34816,1323088,121105,2701355,1.7367167035584217,0.0,0.0448312050804133,0.0263141982997351,0.0185170067806781,0.0
22,2942,30134,1323088,104985,2701355,1.734949988233223,0.0,0.0388638294485545,0.0227755069957553,0.0160883224527991,0.0
10,10121,48645,1323088,167633,2701355,1.733336025545703,0.0,0.0620551538024435,0.0367662619568766,0.0252888918455669,0.0
23,2698,25536,1323088,89093,2701355,1.7330007549665485,0.0,0.0329808559037964,0.0193003035323425,0.0136805523714539,0.0
25,16250,23454,1323088,81907,2701355,1.7326681074075925,0.0,0.0303207094217531,0.0177267120554339,0.0125939973663192,0.0
21,10962,69006,1323088,234953,2701355,1.7312357487271708,0.0,0.0869759805727125,0.0521552610257216,0.0348207195469909,0.0
10,719,20868,1323088,72861,2701355,1.7297831831569208,0.0,0.0269720195975723,0.0157721935351238,0.0111998260624484,0.0
8,790,21199,1323088,73862,2701355,1.7263866862236787,0.0,0.0273425743747119,0.0160223658592625,0.0113202085154493,0.0
25,864,78361,1323088,264685,2701355,1.7254673835601964,0.0,0.0979823088783221,0.059225841365049,0.0387564675132731,0.0
9,13137,39758,1323088,136970,2701355,1.7240745667263917,0.0,0.0507041836411726,0.030049399586422,0.0206547840547506,0.0
6,13930,21493,1323088,74748,2701355,1.7233889837058116,0.0,0.0276705579237086,0.0162445733012467,0.0114259846224618,0.0
14,1033,35143,1323088,121229,2701355,1.7219640983668396,0.0,0.0448771079698891,0.0265613473933706,0.0183157605765185,0.0
8,14063,33992,1323088,117276,2701355,1.7211229705597593,0.0,0.0434137682755506,0.0256914128160787,0.0177223554594718,0.0
8,616,19743,1323088,68546,2701355,1.7187353422247924,0.0,0.0253746730807317,0.0149219099561026,0.010452763124629,0.0
9,10538,29123,1323088,100597,2701355,1.7185869336196211,0.0,0.0372394594564579,0.022011385486075,0.0152280739703829,0.0
23,11107,21742,1323088,75208,2701355,1.714108456390668,0.0,0.0278408428362803,0.0164327694000701,0.0114080734362101,0.0
9,7502,26766,1323088,92314,2701355,1.713626160399911,0.0,0.0341732204763905,0.0202299469120723,0.0139432735643181,0.0
9,3259,26927,1323088,92723,2701355,1.7109827720255146,0.0,0.0343246259747423,0.0203516319398256,0.0139729940349166,0.0
22,13297,20881,1323088,71946,2701355,1.7063858473107654,0.0,0.0266333006953917,0.0157820190342592,0.0108512816611325,0.0
24,10822,20557,1323088,70767,2701355,1.704536411248191,0.0,0.0261968530607787,0.0155371373635011,0.0106597156972776,0.0
25,15680,88590,1323088,294085,2701355,1.7023692225602425,0.0,0.1088657358992061,0.0669569975693226,0.0419087383298834,0.0
25,11587,150528,1323088,483812,2701355,1.6995046982285391,0.0,0.1790997480893847,0.1137702102959138,0.0653295377934709,0.0
25,7528,20961,1323088,71917,2701355,1.699064922546016,0.0,0.0266225653422078,0.0158424836443229,0.0107800816978849,0.0
10,6372,32058,1323088,109289,2701355,1.6979711475774084,0.0,0.0404571039348771,0.024229680867788,0.016227423067089,0.0
19,1155,29942,1323088,102095,2701355,1.6963735986437245,0.0,0.0377939959760934,0.0226303919316024,0.015163604044491,0.0
9,15450,32998,1323088,112242,2701355,1.6948715197382056,0.0,0.0415502590366686,0.0249401400360369,0.0166101190006317,0.0
8,862,55634,1323088,187031,2701355,1.6946666200155422,0.0,0.0692359945286717,0.0420486014535692,0.0271873930751024,0.0
22,7815,28428,1323088,96891,2701355,1.6942383298221664,0.0,0.0358675553564785,0.0214860991861463,0.0143814561703321,0.0
9,7906,26311,1323088,89586,2701355,1.6905706605001818,0.0,0.0331633569079221,0.0198860544423349,0.0132773024655872,0.0
9,10948,53399,1323088,178510,2701355,1.682426940612154,0.0,0.0660816516155781,0.0403593714099137,0.0257222802056643,0.0
1,6636,66261,1323088,219562,2701355,1.6780663896087364,0.0,0.0812784695088205,0.0500805690929099,0.0311979004159106,0.0
16,6342,51541,1323088,171800,2701355,1.6755546982343483,0.0,0.0635977129995872,0.0389550808411836,0.0246426321584035,0.0
23,15073,24740,1323088,83458,2701355,1.67304196899097,0.0,0.0308948657247936,0.0186986806622084,0.0121961850625852,0.0
23,15412,22526,1323088,76067,2701355,1.6728858813209635,0.0,0.0281588314012782,0.0170253225786946,0.0111335088225835,0.0
23,1641,26926,1323088,90553,2701355,1.669615045836015,0.0,0.0335213254089151,0.0203508761321998,0.0131704492767153,0.0
8,6520,21875,1323088,73661,2701355,1.667489672572225,0.0,0.0272681672716099,0.016533291814301,0.0107348754573088,0.0
19,2886,25200,1323088,84632,2701355,1.665764217426705,0.0,0.0313294624364439,0.0190463521700748,0.012283110266369,0.0
18,7200,23753,1323088,79773,2701355,1.6645434902845198,0.0,0.0295307355012577,0.0179526985355471,0.0115780369657105,0.0
25,2601,1215490,1323088,2564856,2701355,1.6633602787713992,0.0,0.949470173301917,0.9186766110795352,0.0307935622223818,0.0
24,7261,41623,1323088,138456,2701355,1.6632351670847418,0.0,0.0512542779456976,0.0314589808085327,0.0197952971371648,0.0
24,14403,22645,1323088,75927,2701355,1.660791540985392,0.0,0.0281070055583216,0.0171152636861644,0.0109917418721571,0.0
23,2650,22506,1323088,75251,2701355,1.6559216297011734,0.0,0.0278567607737598,0.0170102064261787,0.010846554347581,0.0
12,2053,22174,1323088,73993,2701355,1.65224811772966,0.0,0.0273910685563356,0.0167592782944142,0.0106317902619213,0.0
7,6326,33572,1323088,111262,2701355,1.6499889087940645,0.0,0.0411874781359725,0.0253739736132441,0.0158135045227283,0.0
24,3998,41990,1323088,138543,2701355,1.6493176907472895,0.0,0.0512864840052492,0.0317363622072001,0.019550121798049,0.0
24,1049,77883,1323088,252364,2701355,1.6475492178110829,0.0,0.0934212645135496,0.0588645653199182,0.0345566991936314,0.0
25,1687,24758,1323088,82079,2701355,1.643313135520465,0.0,0.0303843811716712,0.0187122851994727,0.0116720959721985,0.0
12,16116,26516,1323088,87708,2701355,1.640895427952238,0.0,0.0324681502431187,0.0200409950056232,0.0124271552374955,0.0
8,4353,22183,1323088,73471,2701355,1.6395892567502184,0.0,0.027197832199026,0.0167660805630464,0.0104317516359795,0.0
4,12687,23754,1323088,78536,2701355,1.6378891562945528,0.0,0.0290728171602769,0.0179534543431729,0.011119362817104,0.0
19,1496,23537,1323088,77783,2701355,1.6369443773755863,0.0,0.028794068162089,0.017789444088375,0.0110046240737139,0.0
22,2854,39358,1323088,129024,2701355,1.6360038422594083,0.0,0.0477626968687936,0.0297470765361034,0.0180156203326902,0.0
2,14028,64254,1323088,208088,2701355,1.6351083732951188,0.0,0.0770309714939354,0.0485636631879361,0.0284673083059993,0.0
9,10694,25465,1323088,83748,2701355,1.6303275036336795,0.0,0.0310022192566323,0.0192466411909109,0.0117555780657213,0.0
21,1992,34459,1323088,112649,2701355,1.6273083059649571,0.0,0.0417009241658353,0.0260443749773257,0.0156565491885095,0.0
22,5997,37317,1323088,121608,2701355,1.624209078311196,0.0,0.0450174079304645,0.0282044731718525,0.016812934758612,0.0
14,13460,47300,1323088,153240,2701355,1.62207335730692,0.0,0.0567270869619135,0.0357497007001801,0.0209773862617333,0.0
25,12782,32890,1323088,106919,2701355,1.6166068591407077,0.0,0.0395797664505405,0.0248585128124508,0.0147212536380896,0.0
8,4658,29853,1323088,97087,2701355,1.6149715492390346,0.0,0.0359401115366177,0.0225631250529065,0.0133769864837112,0.0
8,3556,60777,1323088,194843,2701355,1.614515159664102,0.0,0.0721278765656494,0.0459357200730412,0.0261921564926082,0.0
8,7478,34110,1323088,110387,2701355,1.609976982182484,0.0,0.0408635666174938,0.0257805981159227,0.015082968501571,0.0
24,13171,31452,1323088,101606,2701355,1.6050176355506682,0.0,0.0376129757103379,0.0237716614465553,0.0138413142637826,0.0
4,1587,24805,1323088,80261,2701355,1.6026995286099202,0.0,0.0297113855824206,0.0187478081578851,0.0109635774245354,0.0
23,6475,37228,1323088,119633,2701355,1.6005361932802025,0.0,0.044286293360184,0.0281372062931566,0.0161490870670274,0.0
22,3452,42212,1323088,135015,2701355,1.5963899552676468,0.0,0.0499804727627431,0.0319041515001269,0.0180763212626161,0.0
16,14874,34061,1323088,109193,2701355,1.5941797132878075,0.0,0.0404215662139926,0.0257435635422587,0.0146780026717338,0.0
6,14087,24457,1323088,78538,2701355,1.5899901356844035,0.0,0.029073557529462,0.0184847871041079,0.0105887704253541,0.0
3,5013,24341,1323088,78053,2701355,1.5875501402403105,0.0,0.0288940180020767,0.0183971134195155,0.0104969045825611,0.0
23,7640,46727,1323088,148337,2701355,1.5870888525745714,0.0,0.0549120719046552,0.0353166229305987,0.0195954489740565,0.0
11,5549,25733,1323088,82432,2701355,1.5868706115612197,0.0,0.0305150563328403,0.0194491976346244,0.0110658586982159,0.0
23,3613,29777,1323088,95153,2701355,1.5857562876614673,0.0,0.0352241745346317,0.0225056836733459,0.0127184908612857,0.0
13,3048,67614,1323088,212542,2701355,1.5857093620221596,0.0,0.0786797736691401,0.0511031768106127,0.0275765968585273,0.0
6,5375,29927,1323088,95554,2701355,1.584517500453354,0.0,0.035372618556243,0.0226190548172154,0.0127535637390275,0.0
22,1263,33631,1323088,107135,2701355,1.5834036943243903,0.0,0.0396597263225307,0.0254185662631661,0.0142411600593645,0.0
23,10261,23809,1323088,76057,2701355,1.5809635145929204,0.0,0.0281551295553527,0.0179950237625917,0.010160105792761,0.0
20,14662,48917,1323088,154256,2701355,1.5774810176225849,0.0,0.0571031945079413,0.0369718416310933,0.020131352876848,0.0
23,10842,33400,1323088,105737,2701355,1.5729843408169133,0.0,0.0391422082621499,0.0252439747016071,0.0138982335605427,0.0
4,4054,31649,1323088,100258,2701355,1.5728104780189405,0.0,0.0371139668795845,0.0239205555488372,0.0131934113307472,0.0
25,13802,31974,1323088,100599,2701355,1.5619303877593216,0.0,0.037240199825643,0.0241661930272211,0.0130740067984218,0.0
23,2341,39957,1323088,125174,2701355,1.5603279267044654,0.0,0.0463374861874873,0.0301998053039555,0.0161376808835317,0.0
9,6976,173674,1323088,514475,2701355,1.556972703656467,0.0,0.1904507182506556,0.1312641336026024,0.0591865846480532,0.0
4,111,28624,1323088,89848,2701355,1.5558827779481137,0.0,0.0332603452711694,0.0216342374808024,0.0116261077903669,0.0
4,16171,29792,1323088,93307,2701355,1.5530910649074858,0.0,0.0345408137767897,0.0225170207877329,0.0120237929890568,0.0
7,10898,25719,1323088,80661,2701355,1.5525897887532698,0.0,0.0298594594194395,0.0194386163278633,0.0104208430915762,0.0
9,4029,47253,1323088,146747,2701355,1.550993898961305,0.0,0.0543234784025054,0.0357141777417677,0.0186093006607376,0.0
14,5241,41099,1323088,127914,2701355,1.5504469389108917,0.0,0.0473517919710663,0.0310629376126153,0.016288854358451,0.0
19,9700,34317,1323088,107093,2701355,1.5502926593584605,0.0,0.0396441785696437,0.0259370502944626,0.013707128275181,0.0
24,8824,68154,1323088,209742,2701355,1.5500094739577206,0.0,0.0776432568100083,0.0515113129285429,0.0261319438814653,0.0
6,13477,32797,1323088,102167,2701355,1.5464165750434762,0.0,0.0378206492667568,0.0247882227032517,0.013032426563505,0.0
20,2482,34699,1323088,107975,2701355,1.5459203167087494,0.0,0.0399706813802702,0.0262257688075169,0.0137449125727533,0.0
25,13610,32956,1323088,102499,2701355,1.5439636282635707,0.0,0.0379435505514825,0.0249083961157534,0.013035154435729,0.0
2,11833,53158,1323088,163605,2701355,1.5401353379389406,0.0,0.0605640502636639,0.0401772217720967,0.0203868284915671,0.0
25,9319,30471,1323088,94458,2701355,1.5370855140949675,0.0,0.0349668962428114,0.0230302141656488,0.0119366820771626,0.0
25,676,119765,1323088,358197,2701355,1.5359344057026756,0.0,0.1325990104965841,0.0905193003035323,0.0420797101930517,0.0
22,7615,31066,1323088,96008,2701355,1.532591524101608,0.0,0.0355406823612594,0.0234799197029978,0.0120607626582616,0.0
16,7137,66489,1323088,202273,2701355,1.5296931357488714,0.0,0.0748783480882742,0.0502528932315915,0.0246254548566826,0.0
25,9393,74739,1323088,225907,2701355,1.5242795229458317,0.0,0.0836272907485317,0.0564883061444136,0.027138984604118,0.0
10,2571,62205,1323088,188870,2701355,1.5237334361394597,0.0,0.0699167639943657,0.0470150133626788,0.0229017506316869,0.0
25,15462,43003,1323088,131402,2701355,1.522007697790339,0.0,0.0486429958298705,0.0325019953321321,0.0161410004977384,0.0
23,1345,27820,1323088,85371,2701355,1.5194198499770757,0.0,0.0316030288503362,0.021026568149662,0.0105764607006742,0.0
8,15525,31176,1323088,95486,2701355,1.5184470798289436,0.0,0.0353474460039498,0.0235630585418354,0.0117843874621144,0.0
11,7845,207491,1323088,594093,2701355,1.515807227744116,0.0,0.2199240751400686,0.1568232800841667,0.0631007950559018,0.0
7,12356,49964,1323088,150869,2701355,1.5072683273667755,0.0,0.0558493792929844,0.0377631722153023,0.018086207077682,0.0
12,835,28688,1323088,87182,2701355,1.5047374677323362,0.0,0.0322734331474389,0.0216826091688534,0.0105908239785854,0.0
0,16186,50921,1323088,153401,2701355,1.5041245838567634,0.0,0.0567866866813136,0.0384864801131897,0.0183002065681238,0.0
0,4439,29646,1323088,89878,2701355,1.50157852756769,0.0,0.0332714508089458,0.0224066728743666,0.0108647779345792,0.0
