layer,feature,odds_ratio,freq_diff,abl_vsr,abl_ctrl,abl_vqa,delta_vsr,delta_ctrl,delta_vqa,vsr_total,ctrl_total,vqa_total
11,7891,2.5655017389223755,0.0114358042211409,49.8,40.0,51.0,-1.2000000000000028,-9.411764705882355,-12.600000000000001,2000,85,500
25,7191,2.32769866981568,0.010093416850172,49.8,42.35294117647059,60.199999999999996,-1.2000000000000028,-7.058823529411768,-3.4000000000000057,2000,85,500
0,11393,1.7567803451652546,0.0185021051852481,49.85,42.35294117647059,62.6,-1.1499999999999986,-7.058823529411768,-1.0,2000,85,500
24,8901,2.45337841753173,0.0106054033258386,50.0,52.94117647058824,65.4,-1.0,3.529411764705884,1.8000000000000043,2000,85,500
25,13610,1.5439636282635707,0.013035154435729,50.14999999999999,43.529411764705884,59.8,-0.8500000000000085,-5.882352941176471,-3.8000000000000043,2000,85,500
9,13782,2.533631600745157,0.0296470416217151,50.2,49.411764705882355,63.6,-0.7999999999999972,0.0,0.0,2000,85,500
9,5099,2.421336671053325,0.0311667661334315,50.2,43.529411764705884,61.199999999999996,-0.7999999999999972,-5.882352941176471,-2.4000000000000057,2000,85,500
0,2011,2.95177186947217,0.0150009825045598,50.2,41.17647058823529,56.2,-0.7999999999999972,-8.235294117647065,-7.399999999999999,2000,85,500
18,2118,3.095868832976137,0.0162036649164702,50.2,55.294117647058826,64.8,-0.7999999999999972,5.882352941176471,1.1999999999999957,2000,85,500
18,14513,2.0220043359454745,0.0162180983233284,50.2,61.1764705882353,50.8,-0.7999999999999972,11.764705882352942,-12.800000000000004,2000,85,500
7,10881,2.603498412887583,0.0129281423883548,50.2,45.88235294117647,62.6,-0.7999999999999972,-3.529411764705884,-1.0,2000,85,500
9,12544,2.9726906912507416,0.0127082683964978,50.2,50.588235294117645,63.0,-0.7999999999999972,1.17647058823529,-0.6000000000000014,2000,85,500
21,5722,2.515707596248143,0.0233041946679601,50.2,52.94117647058824,63.800000000000004,-0.7999999999999972,3.529411764705884,0.20000000000000284,2000,85,500
11,15502,2.099013711532338,0.0149023535248912,50.2,54.11764705882353,62.2,-0.7999999999999972,4.705882352941174,-1.3999999999999986,2000,85,500
5,10679,2.76269362492336,0.0121074815680518,50.24999999999999,56.470588235294116,64.2,-0.7500000000000071,7.058823529411761,0.6000000000000014,2000,85,500
25,11365,3.110499334350864,0.0363252887456167,50.24999999999999,42.35294117647059,62.2,-0.7500000000000071,-7.058823529411768,-1.3999999999999986,2000,85,500
24,8269,2.1341982856225354,0.0320713829300813,50.24999999999999,58.82352941176471,59.599999999999994,-0.7500000000000071,9.411764705882355,-4.000000000000007,2000,85,500
10,1966,3.790598273518069,0.0135572243784563,50.3,45.88235294117647,63.0,-0.7000000000000028,-3.529411764705884,-0.6000000000000014,2000,85,500
11,2419,4.180981904094844,0.0159131378373299,50.349999999999994,49.411764705882355,63.0,-0.6500000000000057,0.0,-0.6000000000000014,2000,85,500
2,12714,1.93339319979658,0.0147583540957519,50.349999999999994,40.0,57.4,-0.6500000000000057,-9.411764705882355,-6.200000000000003,2000,85,500
25,1941,3.169115873556597,0.0666266209652103,50.349999999999994,43.529411764705884,62.2,-0.6500000000000057,-5.882352941176471,-1.3999999999999986,2000,85,500
11,9639,4.48876847173773,0.011671394184706,50.349999999999994,49.411764705882355,62.8,-0.6500000000000057,0.0,-0.8000000000000043,2000,85,500
20,1174,2.8655696642196067,0.0117222231913369,50.349999999999994,52.94117647058824,64.4,-0.6500000000000057,3.529411764705884,0.8000000000000043,2000,85,500
23,7372,2.472341573069248,0.0145500708612391,50.4,44.70588235294118,59.4,-0.6000000000000014,-4.705882352941174,-4.200000000000003,2000,85,500
10,8661,2.3576110587334567,0.0114458393279065,50.4,45.88235294117647,62.2,-0.6000000000000014,-3.529411764705884,-1.3999999999999986,2000,85,500
10,8056,7.103861869772687,0.0109938622774544,50.4,56.470588235294116,63.4,-0.6000000000000014,7.058823529411761,-0.20000000000000284,2000,85,500
8,9770,2.051448774955744,0.0231854641625282,50.4,49.411764705882355,61.0,-0.6000000000000014,0.0,-2.6000000000000014,2000,85,500
12,16116,1.640895427952238,0.0124271552374955,50.4,41.17647058823529,61.8,-0.6000000000000014,-8.235294117647065,-1.8000000000000043,2000,85,500
22,460,2.2316114156482763,0.0190171486554352,50.449999999999996,47.05882352941176,61.199999999999996,-0.5500000000000043,-2.352941176470594,-2.4000000000000057,2000,85,500
9,3884,2.299928103222818,0.0110385426315076,50.449999999999996,41.17647058823529,59.8,-0.5500000000000043,-8.235294117647065,-3.8000000000000043,2000,85,500
21,14033,2.3784179621534465,0.0135671700282168,50.449999999999996,42.35294117647059,58.8,-0.5500000000000043,-7.058823529411768,-4.800000000000004,2000,85,500
3,538,3.2982321080083885,0.0204281113114807,50.449999999999996,47.05882352941176,62.0,-0.5500000000000043,-2.352941176470594,-1.6000000000000014,2000,85,500
12,4302,2.7310499983696888,0.0348612428414512,50.5,50.588235294117645,62.2,-0.5,1.17647058823529,-1.3999999999999986,2000,85,500
25,5024,2.210993394703752,0.0106309331104829,50.5,43.529411764705884,61.4,-0.5,-5.882352941176471,-2.200000000000003,2000,85,500
2,14028,1.6351083732951188,0.0284673083059993,50.5,49.411764705882355,61.6,-0.5,0.0,-2.0,2000,85,500
22,915,2.805863869150722,0.0492180661804272,50.5,44.70588235294118,64.8,-0.5,-4.705882352941174,1.1999999999999957,2000,85,500
20,13779,2.753111129500527,0.0166855335893631,50.5,50.588235294117645,63.800000000000004,-0.5,1.17647058823529,0.20000000000000284,2000,85,500
14,7199,9.66788898186783,0.0172509806583653,50.55,55.294117647058826,63.6,-0.45000000000000284,5.882352941176471,0.0,2000,85,500
9,13857,2.083440569086638,0.0183753114599833,50.55,41.17647058823529,62.2,-0.45000000000000284,-8.235294117647065,-1.3999999999999986,2000,85,500
10,192,3.1677915377892725,0.0254790843494547,50.55,56.470588235294116,64.60000000000001,-0.45000000000000284,7.058823529411761,1.000000000000007,2000,85,500
9,15031,3.249115692928174,0.0863915305248881,50.6,50.588235294117645,64.0,-0.3999999999999986,1.17647058823529,0.3999999999999986,2000,85,500
8,862,1.6946666200155422,0.0271873930751024,50.6,43.529411764705884,61.4,-0.3999999999999986,-5.882352941176471,-2.200000000000003,2000,85,500
4,16171,1.5530910649074858,0.0120237929890568,50.6,41.17647058823529,56.599999999999994,-0.3999999999999986,-8.235294117647065,-7.000000000000007,2000,85,500
3,6567,2.411751155425436,0.0274069922224813,50.6,45.88235294117647,62.6,-0.3999999999999986,-3.529411764705884,-1.0,2000,85,500
10,1804,3.1727790380815346,0.0265694997495713,50.64999999999999,49.411764705882355,63.800000000000004,-0.3500000000000085,0.0,0.20000000000000284,2000,85,500
21,8021,2.2139986318557217,0.0103570629975412,50.64999999999999,48.23529411764706,63.6,-0.3500000000000085,-1.176470588235297,0.0,2000,85,500
4,12355,2.3594038789659977,0.0132355792918447,50.64999999999999,54.11764705882353,63.0,-0.3500000000000085,4.705882352941174,-0.6000000000000014,2000,85,500
12,4770,2.525699325743163,0.0114712915708916,50.64999999999999,54.11764705882353,64.4,-0.3500000000000085,4.705882352941174,0.8000000000000043,2000,85,500
18,8306,3.525234156566625,0.0133182931582172,50.64999999999999,55.294117647058826,63.4,-0.3500000000000085,5.882352941176471,-0.20000000000000284,2000,85,500
16,14236,6.28338079383457,0.0282803646626039,50.64999999999999,50.588235294117645,64.0,-0.3500000000000085,1.17647058823529,0.3999999999999986,2000,85,500
24,14403,1.660791540985392,0.0109917418721571,50.64999999999999,52.94117647058824,63.0,-0.3500000000000085,3.529411764705884,-0.6000000000000014,2000,85,500
11,6096,4.645832611577544,0.0207603982269879,50.64999999999999,48.23529411764706,63.6,-0.3500000000000085,-1.176470588235297,0.0,2000,85,500
9,212,1.7373481520153964,0.0108135672289466,50.64999999999999,48.23529411764706,63.4,-0.3500000000000085,-1.176470588235297,-0.20000000000000284,2000,85,500
20,10740,3.113639513480576,0.0110730011108465,50.64999999999999,56.470588235294116,63.6,-0.3500000000000085,7.058823529411761,0.0,2000,85,500
9,4125,2.5130979115890058,0.0182064495648881,50.64999999999999,56.470588235294116,64.0,-0.3500000000000085,7.058823529411761,0.3999999999999986,2000,85,500
9,2271,1.8676158883753733,0.014545834112052,50.64999999999999,47.05882352941176,65.60000000000001,-0.3500000000000085,-2.352941176470594,2.000000000000007,2000,85,500
12,15158,2.196969852842176,0.0181675958617294,50.64999999999999,51.76470588235295,64.0,-0.3500000000000085,2.352941176470594,0.3999999999999986,2000,85,500
9,3721,3.0931024895251773,0.0187481971781084,50.7,44.70588235294118,62.6,-0.29999999999999716,-4.705882352941174,-1.0,2000,85,500
25,4885,1.7937343864291118,0.0134906804599555,50.7,44.70588235294118,61.4,-0.29999999999999716,-4.705882352941174,-2.200000000000003,2000,85,500
10,14718,3.6562117547504247,0.0259968413017919,50.7,49.411764705882355,61.4,-0.29999999999999716,0.0,-2.200000000000003,2000,85,500
25,7621,2.420466179190138,0.0213335554710641,50.7,48.23529411764706,64.0,-0.29999999999999716,-1.176470588235297,0.3999999999999986,2000,85,500
25,14491,3.022507040633979,0.0100554922432249,50.7,51.76470588235295,64.0,-0.29999999999999716,2.352941176470594,0.3999999999999986,2000,85,500
17,15749,4.937249454219705,0.0117334070326361,50.7,54.11764705882353,63.4,-0.29999999999999716,4.705882352941174,-0.20000000000000284,2000,85,500
25,7509,2.566571645517081,0.0110341435695513,50.7,48.23529411764706,60.8,-0.29999999999999716,-1.176470588235297,-2.8000000000000043,2000,85,500
10,13207,4.194754451509828,0.0123258861812249,50.7,45.88235294117647,59.4,-0.29999999999999716,-3.529411764705884,-4.200000000000003,2000,85,500
9,3532,3.974257217301481,0.013130826492772,50.7,48.23529411764706,62.6,-0.29999999999999716,-1.176470588235297,-1.0,2000,85,500
24,10790,2.677791697667624,0.0106785942808059,50.74999999999999,49.411764705882355,64.0,-0.2500000000000071,0.0,0.3999999999999986,2000,85,500
7,3547,11.81259541707826,0.0124779753532923,50.74999999999999,50.588235294117645,62.2,-0.2500000000000071,1.17647058823529,-1.3999999999999986,2000,85,500
22,15113,6.938514587818943,0.0113945385866665,50.74999999999999,56.470588235294116,63.800000000000004,-0.2500000000000071,7.058823529411761,0.20000000000000284,2000,85,500
3,1000,2.2541456560903184,0.0235737137471318,50.74999999999999,51.76470588235295,59.599999999999994,-0.2500000000000071,2.352941176470594,-4.000000000000007,2000,85,500
10,880,2.909120002232134,0.0175960853636773,50.8,50.588235294117645,64.2,-0.20000000000000284,1.17647058823529,0.6000000000000014,2000,85,500
13,5190,2.4426061333510094,0.0123083056468725,50.8,51.76470588235295,63.2,-0.20000000000000284,2.352941176470594,-0.3999999999999986,2000,85,500
10,11456,4.670861637686125,0.0333617994454768,50.8,52.94117647058824,63.800000000000004,-0.20000000000000284,3.529411764705884,0.20000000000000284,2000,85,500
12,8561,3.978361517622093,0.0283336364430178,50.8,49.411764705882355,63.800000000000004,-0.20000000000000284,0.0,0.20000000000000284,2000,85,500
10,2571,1.5237334361394597,0.0229017506316869,50.8,44.70588235294118,62.8,-0.20000000000000284,-4.705882352941174,-0.8000000000000043,2000,85,500
9,2395,9.220272391455168,0.0329450709616566,50.8,44.70588235294118,62.8,-0.20000000000000284,-4.705882352941174,-0.8000000000000043,2000,85,500
10,3590,3.445020640249402,0.0380115741029097,50.8,49.411764705882355,65.2,-0.20000000000000284,0.0,1.6000000000000014,2000,85,500
25,8841,2.5186842045962097,0.0139281437262354,50.8,56.470588235294116,64.0,-0.20000000000000284,7.058823529411761,0.3999999999999986,2000,85,500
10,11574,7.11655916836289,0.0187871334697483,50.8,45.88235294117647,61.6,-0.20000000000000284,-3.529411764705884,-2.0,2000,85,500
12,6425,5.8142096788301965,0.0186459544231682,50.849999999999994,42.35294117647059,61.199999999999996,-0.15000000000000568,-7.058823529411768,-2.4000000000000057,2000,85,500
6,6482,2.622556747112513,0.0119336860457231,50.849999999999994,44.70588235294118,62.8,-0.15000000000000568,-4.705882352941174,-0.8000000000000043,2000,85,500
7,9579,1.9049799555905529,0.0108446067152197,50.849999999999994,44.70588235294118,62.2,-0.15000000000000568,-4.705882352941174,-1.3999999999999986,2000,85,500
14,1620,6.006132342526745,0.0106712555907806,50.849999999999994,55.294117647058826,63.4,-0.15000000000000568,5.882352941176471,-0.20000000000000284,2000,85,500
9,10694,1.6303275036336795,0.0117555780657213,50.849999999999994,52.94117647058824,63.800000000000004,-0.15000000000000568,3.529411764705884,0.20000000000000284,2000,85,500
12,8942,9.29317361140214,0.0248294109107802,50.849999999999994,45.88235294117647,63.2,-0.15000000000000568,-3.529411764705884,-0.3999999999999986,2000,85,500
12,8624,3.0564619921492264,0.0117456637052502,50.9,44.70588235294118,62.0,-0.10000000000000142,-4.705882352941174,-1.6000000000000014,2000,85,500
11,5881,2.302024427644782,0.0102844726695151,50.9,48.23529411764706,62.0,-0.10000000000000142,-1.176470588235297,-1.6000000000000014,2000,85,500
13,35,3.856938006720629,0.011658670543677,50.9,51.76470588235295,61.4,-0.10000000000000142,2.352941176470594,-2.200000000000003,2000,85,500
25,12335,3.358498987832246,0.0124017781988178,50.9,47.05882352941176,63.2,-0.10000000000000142,-2.352941176470594,-0.3999999999999986,2000,85,500
13,3383,1.7799538886582402,0.0107548637239135,50.9,45.88235294117647,63.0,-0.10000000000000142,-3.529411764705884,-0.6000000000000014,2000,85,500
25,538,2.224689685695276,0.0256608168572737,50.9,49.411764705882355,62.8,-0.10000000000000142,0.0,-0.8000000000000043,2000,85,500
11,15710,2.8786772144885555,0.0343607290348234,50.9,56.470588235294116,63.0,-0.10000000000000142,7.058823529411761,-0.6000000000000014,2000,85,500
9,15439,4.266252878299675,0.0233791942519657,50.9,52.94117647058824,65.2,-0.10000000000000142,3.529411764705884,1.6000000000000014,2000,85,500
9,9885,103.27604492310478,0.0125171110156668,50.9,43.529411764705884,62.6,-0.10000000000000142,-5.882352941176471,-1.0,2000,85,500
25,14757,4.273592940971397,0.0533187021641132,50.9,50.588235294117645,62.8,-0.10000000000000142,1.17647058823529,-0.8000000000000043,2000,85,500
9,11964,3.015924932327437,0.0204143596077888,50.949999999999996,56.470588235294116,64.0,-0.05000000000000426,7.058823529411761,0.3999999999999986,2000,85,500
25,2123,7.59461646852597,0.0119593805490364,50.949999999999996,56.470588235294116,62.6,-0.05000000000000426,7.058823529411761,-1.0,2000,85,500
15,15574,2.472104261623933,0.0134079894103219,50.949999999999996,47.05882352941176,60.8,-0.05000000000000426,-2.352941176470594,-2.8000000000000043,2000,85,500
25,12814,3.1120851809987102,0.0595688943794008,50.949999999999996,47.05882352941176,63.0,-0.05000000000000426,-2.352941176470594,-0.6000000000000014,2000,85,500
7,377,2.008149210755288,0.0161899605764674,50.949999999999996,45.88235294117647,63.0,-0.05000000000000426,-3.529411764705884,-0.6000000000000014,2000,85,500
9,10742,2.062781357007651,0.0173038412836612,50.949999999999996,45.88235294117647,62.0,-0.05000000000000426,-3.529411764705884,-1.6000000000000014,2000,85,500
10,2640,2.4699076613041138,0.0369909348867005,50.949999999999996,56.470588235294116,65.0,-0.05000000000000426,7.058823529411761,1.3999999999999986,2000,85,500
13,3210,7.205560747294348,0.0222001021039617,50.949999999999996,51.76470588235295,62.8,-0.05000000000000426,2.352941176470594,-0.8000000000000043,2000,85,500
9,2677,3.074471627279775,0.0209328962672717,50.949999999999996,55.294117647058826,63.4,-0.05000000000000426,5.882352941176471,-0.20000000000000284,2000,85,500
11,12860,4.101070175334145,0.0418651892781515,50.949999999999996,55.294117647058826,63.6,-0.05000000000000426,5.882352941176471,0.0,2000,85,500
21,14835,8.162162146610846,0.0135055630479648,50.949999999999996,55.294117647058826,63.0,-0.05000000000000426,5.882352941176471,-0.6000000000000014,2000,85,500
7,15872,3.958551994440085,0.0132803025240202,50.949999999999996,43.529411764705884,63.6,-0.05000000000000426,-5.882352941176471,0.0,2000,85,500
9,5197,2.456018018155685,0.0432797639680659,50.949999999999996,50.588235294117645,64.0,-0.05000000000000426,1.17647058823529,0.3999999999999986,2000,85,500
10,13718,2.270981652708146,0.0148741630295349,51.0,47.05882352941176,62.4,0.0,-2.352941176470594,-1.2000000000000028,2000,85,500
10,901,3.321611364320097,0.0242018966757401,51.0,44.70588235294118,63.2,0.0,-4.705882352941174,-0.3999999999999986,2000,85,500
10,719,1.7297831831569208,0.0111998260624484,51.0,47.05882352941176,63.2,0.0,-2.352941176470594,-0.3999999999999986,2000,85,500
12,14107,1.825567547748569,0.0114269172302969,51.0,49.411764705882355,63.6,0.0,0.0,0.0,2000,85,500
25,15680,1.7023692225602425,0.0419087383298834,51.0,51.76470588235295,64.0,0.0,2.352941176470594,0.3999999999999986,2000,85,500
2,6927,1.8474770973316164,0.0121859546523682,51.0,48.23529411764706,61.6,0.0,-1.176470588235297,-2.0,2000,85,500
9,38,2.846136942012155,0.0133055156573735,51.0,45.88235294117647,63.0,0.0,-3.529411764705884,-0.6000000000000014,2000,85,500
8,7882,3.068529945056072,0.0301381399730063,51.0,52.94117647058824,63.800000000000004,0.0,3.529411764705884,0.20000000000000284,2000,85,500
9,11592,2.411109237278404,0.0130818228655478,51.0,45.88235294117647,62.0,0.0,-3.529411764705884,-1.6000000000000014,2000,85,500
9,5073,3.2480334251686243,0.0163913415160587,51.0,54.11764705882353,63.6,0.0,4.705882352941174,0.0,2000,85,500
1,6636,1.6780663896087364,0.0311979004159106,51.0,47.05882352941176,63.0,0.0,-2.352941176470594,-0.6000000000000014,2000,85,500
13,16103,2.5728988147936684,0.0168902065716991,51.0,57.647058823529406,64.0,0.0,8.23529411764705,0.3999999999999986,2000,85,500
11,2393,4.363830085021472,0.021079949007518,51.05,56.470588235294116,63.800000000000004,0.04999999999999716,7.058823529411761,0.20000000000000284,2000,85,500
10,2793,3.500407992939916,0.0101764363346621,51.05,42.35294117647059,62.6,0.04999999999999716,-7.058823529411768,-1.0,2000,85,500
8,4658,1.6149715492390346,0.0133769864837112,51.05,47.05882352941176,64.60000000000001,0.04999999999999716,-2.352941176470594,1.000000000000007,2000,85,500
10,11465,9.489848200105568,0.0278187692573902,51.05,44.70588235294118,62.8,0.04999999999999716,-4.705882352941174,-0.8000000000000043,2000,85,500
10,10009,4.351821581612653,0.0567195120667392,51.05,43.529411764705884,60.8,0.04999999999999716,-5.882352941176471,-2.8000000000000043,2000,85,500
10,6372,1.6979711475774084,0.016227423067089,51.05,48.23529411764706,63.800000000000004,0.04999999999999716,-1.176470588235297,0.20000000000000284,2000,85,500
24,3998,1.6493176907472895,0.019550121798049,51.05,45.88235294117647,61.0,0.04999999999999716,-3.529411764705884,-2.6000000000000014,2000,85,500
12,9409,2.765332917087699,0.0234433789935217,51.05,49.411764705882355,63.800000000000004,0.04999999999999716,0.0,0.20000000000000284,2000,85,500
25,9026,2.771527047120271,0.0106050735905259,51.05,47.05882352941176,63.0,0.04999999999999716,-2.352941176470594,-0.6000000000000014,2000,85,500
11,1814,2.5489076911156068,0.0159312677797309,51.05,48.23529411764706,63.0,0.04999999999999716,-1.176470588235297,-0.6000000000000014,2000,85,500
11,415,2.0975147641991145,0.0119462970176671,51.1,45.88235294117647,62.0,0.10000000000000142,-3.529411764705884,-1.6000000000000014,2000,85,500
11,10017,8.215367957059124,0.0156713841836831,51.1,42.35294117647059,62.6,0.10000000000000142,-7.058823529411768,-1.0,2000,85,500
12,5283,1.869849702594844,0.0252932908731092,51.1,50.588235294117645,64.60000000000001,0.10000000000000142,1.17647058823529,1.000000000000007,2000,85,500
9,11245,3.806047748196051,0.0310324362894177,51.1,51.76470588235295,64.2,0.10000000000000142,2.352941176470594,0.6000000000000014,2000,85,500
25,3361,2.2165595026224447,0.0115569512808311,51.1,51.76470588235295,63.2,0.10000000000000142,2.352941176470594,-0.3999999999999986,2000,85,500
12,2053,1.65224811772966,0.0106317902619213,51.1,47.05882352941176,63.0,0.10000000000000142,-2.352941176470594,-0.6000000000000014,2000,85,500
11,1743,1.995393063439064,0.025093392751275,51.1,43.529411764705884,61.199999999999996,0.10000000000000142,-5.882352941176471,-2.4000000000000057,2000,85,500
4,11756,3.691842280503917,0.0496925622101406,51.1,50.588235294117645,61.4,0.10000000000000142,1.17647058823529,-2.200000000000003,2000,85,500
25,14815,1.7772163183486256,0.0794974472349637,51.15,51.76470588235295,63.6,0.14999999999999858,2.352941176470594,0.0,2000,85,500
9,6976,1.556972703656467,0.0591865846480532,51.15,45.88235294117647,63.0,0.14999999999999858,-3.529411764705884,-0.6000000000000014,2000,85,500
24,2088,3.303840951212384,0.0135920481044034,51.15,47.05882352941176,62.2,0.14999999999999858,-2.352941176470594,-1.3999999999999986,2000,85,500
3,5013,1.5875501402403105,0.0104969045825611,51.15,48.23529411764706,61.8,0.14999999999999858,-1.176470588235297,-1.8000000000000043,2000,85,500
22,10428,2.616262640527136,0.0126550740603767,51.15,56.470588235294116,62.8,0.14999999999999858,7.058823529411761,-0.8000000000000043,2000,85,500
10,2887,2.750772022654128,0.0129685667681248,51.15,55.294117647058826,64.4,0.14999999999999858,5.882352941176471,0.8000000000000043,2000,85,500
25,3765,2.191246919687151,0.0144225763683104,51.15,50.588235294117645,63.0,0.14999999999999858,1.17647058823529,-0.6000000000000014,2000,85,500
7,2362,3.931295323393208,0.0174198480700471,51.15,50.588235294117645,62.8,0.14999999999999858,1.17647058823529,-0.8000000000000043,2000,85,500
8,11596,2.3060950304730548,0.0190801888900594,51.15,50.588235294117645,63.6,0.14999999999999858,1.17647058823529,0.0,2000,85,500
10,5686,2.8976758715291515,0.0195720936492569,51.15,45.88235294117647,61.4,0.14999999999999858,-3.529411764705884,-2.200000000000003,2000,85,500
25,7528,1.699064922546016,0.0107800816978849,51.2,55.294117647058826,63.800000000000004,0.20000000000000284,5.882352941176471,0.20000000000000284,2000,85,500
14,7870,1.8966207270725084,0.0166993610703688,51.2,47.05882352941176,62.0,0.20000000000000284,-2.352941176470594,-1.6000000000000014,2000,85,500
12,12754,2.122816891767388,0.0178490688703751,51.2,50.588235294117645,63.2,0.20000000000000284,1.17647058823529,-0.3999999999999986,2000,85,500
25,7964,2.0324828588685566,0.0136124992321301,51.2,47.05882352941176,63.6,0.20000000000000284,-2.352941176470594,0.0,2000,85,500
25,9319,1.5370855140949675,0.0119366820771626,51.2,45.88235294117647,63.6,0.20000000000000284,-3.529411764705884,0.0,2000,85,500
13,13021,3.232117798056153,0.0168313473188504,51.2,57.647058823529406,62.4,0.20000000000000284,8.23529411764705,-1.2000000000000028,2000,85,500
8,5387,2.825399591361307,0.0433602177269069,51.2,51.76470588235295,62.6,0.20000000000000284,2.352941176470594,-1.0,2000,85,500
24,16247,2.987222390061824,0.0175011409583203,51.2,52.94117647058824,62.4,0.20000000000000284,3.529411764705884,-1.2000000000000028,2000,85,500
22,13088,2.9449840084689423,0.0130520413056838,51.2,45.88235294117647,62.6,0.20000000000000284,-3.529411764705884,-1.0,2000,85,500
9,11613,1.929736893608328,0.01467964406149,51.2,45.88235294117647,60.8,0.20000000000000284,-3.529411764705884,-2.8000000000000043,2000,85,500
24,10822,1.704536411248191,0.0106597156972776,51.2,49.411764705882355,63.2,0.20000000000000284,0.0,-0.3999999999999986,2000,85,500
12,14347,2.738841504301865,0.0150673038117077,51.2,52.94117647058824,62.2,0.20000000000000284,3.529411764705884,-1.3999999999999986,2000,85,500
25,7022,8.758667962445074,0.084839959523043,51.2,47.05882352941176,62.0,0.20000000000000284,-2.352941176470594,-1.6000000000000014,2000,85,500
7,8432,3.072138914722979,0.0114394784497191,51.2,44.70588235294118,62.2,0.20000000000000284,-4.705882352941174,-1.3999999999999986,2000,85,500
10,3692,2.351367266984761,0.0149841814367351,51.24999999999999,54.11764705882353,64.2,0.2499999999999929,4.705882352941174,0.6000000000000014,2000,85,500
6,5354,2.7601379247246496,0.026930153089943,51.24999999999999,49.411764705882355,63.2,0.2499999999999929,0.0,-0.3999999999999986,2000,85,500
24,13212,2.942759986686389,0.0483073852502204,51.24999999999999,49.411764705882355,63.2,0.2499999999999929,0.0,-0.3999999999999986,2000,85,500
15,8901,2.1309138501578047,0.0122556025281417,51.24999999999999,48.23529411764706,63.2,0.2499999999999929,-1.176470588235297,-0.3999999999999986,2000,85,500
22,11226,3.572379483484028,0.0180659072980993,51.24999999999999,48.23529411764706,62.2,0.2499999999999929,-1.176470588235297,-1.3999999999999986,2000,85,500
7,2509,10.160892435779989,0.0187190699846912,51.24999999999999,51.76470588235295,63.6,0.2499999999999929,2.352941176470594,0.0,2000,85,500
0,4439,1.50157852756769,0.0108647779345792,51.24999999999999,48.23529411764706,62.4,0.2499999999999929,-1.176470588235297,-1.2000000000000028,2000,85,500
1,7991,3.4436432867649303,0.0451677972873749,51.24999999999999,44.70588235294118,63.4,0.2499999999999929,-4.705882352941174,-0.20000000000000284,2000,85,500
10,3573,2.802394452445808,0.0105007154541678,51.24999999999999,43.529411764705884,63.4,0.2499999999999929,-5.882352941176471,-0.20000000000000284,2000,85,500
25,7603,3.4574277520017445,0.0299430073798935,51.24999999999999,51.76470588235295,63.0,0.2499999999999929,2.352941176470594,-0.6000000000000014,2000,85,500
10,2187,2.779705466190684,0.0107055164466632,51.300000000000004,54.11764705882353,64.60000000000001,0.30000000000000426,4.705882352941174,1.000000000000007,2000,85,500
25,8226,2.492078658673856,0.0149790345699389,51.300000000000004,52.94117647058824,63.4,0.30000000000000426,3.529411764705884,-0.20000000000000284,2000,85,500
10,1733,2.1843294838423004,0.0149326191815324,51.300000000000004,50.588235294117645,62.6,0.30000000000000426,1.17647058823529,-1.0,2000,85,500
9,11829,2.121309349808429,0.0110291233839198,51.300000000000004,50.588235294117645,63.6,0.30000000000000426,1.17647058823529,0.0,2000,85,500
12,14681,3.4145678794072305,0.0134872147562267,51.349999999999994,52.94117647058824,64.0,0.3499999999999943,3.529411764705884,0.3999999999999986,2000,85,500
7,9793,5.396134394824122,0.0320281524775267,51.349999999999994,47.05882352941176,61.4,0.3499999999999943,-2.352941176470594,-2.200000000000003,2000,85,500
24,3316,2.355837354683161,0.0221615857264935,51.349999999999994,50.588235294117645,63.4,0.3499999999999943,1.17647058823529,-0.20000000000000284,2000,85,500
24,2539,2.436973797115609,0.0164743210325049,51.349999999999994,47.05882352941176,63.0,0.3499999999999943,-2.352941176470594,-0.6000000000000014,2000,85,500
11,6227,1.859869548888887,0.0112350378746853,51.349999999999994,43.529411764705884,60.6,0.3499999999999943,-5.882352941176471,-3.0,2000,85,500
9,2712,1.802720049505128,0.0100566276245803,51.349999999999994,51.76470588235295,62.8,0.3499999999999943,2.352941176470594,-0.8000000000000043,2000,85,500
25,7389,3.717827262347687,0.0285025757365205,51.349999999999994,50.588235294117645,62.8,0.3499999999999943,1.17647058823529,-0.8000000000000043,2000,85,500
7,11595,2.458887696215513,0.0106504886539259,51.349999999999994,60.0,63.0,0.3499999999999943,10.588235294117645,-0.6000000000000014,2000,85,500
10,12628,2.577376824068371,0.0100459488121429,51.4,47.05882352941176,63.2,0.3999999999999986,-2.352941176470594,-0.3999999999999986,2000,85,500
25,11792,3.3963235682959074,0.0120020607628508,51.4,50.588235294117645,64.2,0.3999999999999986,1.17647058823529,0.6000000000000014,2000,85,500
12,835,1.5047374677323362,0.0105908239785854,51.449999999999996,51.76470588235295,63.4,0.44999999999999574,2.352941176470594,-0.20000000000000284,2000,85,500
10,12422,2.4284318477974924,0.0123864273304662,51.449999999999996,47.05882352941176,64.4,0.44999999999999574,-2.352941176470594,0.8000000000000043,2000,85,500
10,3489,3.0265790918387747,0.0160105950021652,51.449999999999996,47.05882352941176,62.4,0.44999999999999574,-2.352941176470594,-1.2000000000000028,2000,85,500
24,9992,2.702048317732959,0.0111342263806254,51.449999999999996,48.23529411764706,63.2,0.44999999999999574,-1.176470588235297,-0.3999999999999986,2000,85,500
10,3359,2.2390482430806804,0.0173021437196812,51.449999999999996,54.11764705882353,63.2,0.44999999999999574,4.705882352941174,-0.3999999999999986,2000,85,500
24,8824,1.5500094739577206,0.0261319438814653,51.449999999999996,51.76470588235295,63.4,0.44999999999999574,2.352941176470594,-0.20000000000000284,2000,85,500
14,6628,2.9547720491300984,0.0139429594392361,51.449999999999996,55.294117647058826,65.2,0.44999999999999574,5.882352941176471,1.6000000000000014,2000,85,500
25,16250,1.7326681074075925,0.0125939973663192,51.449999999999996,50.588235294117645,63.0,0.44999999999999574,1.17647058823529,-0.6000000000000014,2000,85,500
11,6616,5.16188046842723,0.0297853611195655,51.449999999999996,52.94117647058824,62.8,0.44999999999999574,3.529411764705884,-0.8000000000000043,2000,85,500
20,9720,2.006828279063932,0.0101283830222376,51.449999999999996,48.23529411764706,62.8,0.44999999999999574,-1.176470588235297,-0.8000000000000043,2000,85,500
0,16186,1.5041245838567634,0.0183002065681238,51.449999999999996,47.05882352941176,61.199999999999996,0.44999999999999574,-2.352941176470594,-2.4000000000000057,2000,85,500
12,3718,6.538987771259976,0.0185757835365364,51.5,47.05882352941176,62.6,0.5,-2.352941176470594,-1.0,2000,85,500
18,7200,1.6645434902845198,0.0115780369657105,51.5,47.05882352941176,62.2,0.5,-2.352941176470594,-1.3999999999999986,2000,85,500
15,5074,10.329156413580291,0.0119600384271066,51.5,50.588235294117645,62.2,0.5,1.17647058823529,-1.3999999999999986,2000,85,500
11,13988,3.1881555359376668,0.0293963744482537,51.5,51.76470588235295,63.800000000000004,0.5,2.352941176470594,0.20000000000000284,2000,85,500
25,13802,1.5619303877593216,0.0130740067984218,51.5,50.588235294117645,63.6,0.5,1.17647058823529,0.0,2000,85,500
10,3870,2.097428495156466,0.0156805905126254,51.5,48.23529411764706,62.8,0.5,-1.176470588235297,-0.8000000000000043,2000,85,500
2,15263,1.8597167157566108,0.011965950622446,51.5,43.529411764705884,62.2,0.5,-5.882352941176471,-1.3999999999999986,2000,85,500
12,13125,1.8596604909722567,0.0233086644374655,51.55,45.88235294117647,60.199999999999996,0.5499999999999972,-3.529411764705884,-3.4000000000000057,2000,85,500
12,2602,2.3439343284563923,0.0127358660385522,51.55,49.411764705882355,62.8,0.5499999999999972,0.0,-0.8000000000000043,2000,85,500
14,971,2.2697198817423376,0.0113110675722022,51.55,49.411764705882355,64.0,0.5499999999999972,0.0,0.3999999999999986,2000,85,500
9,2197,2.6951355265666392,0.0447221026283261,51.55,47.05882352941176,62.6,0.5499999999999972,-2.352941176470594,-1.0,2000,85,500
21,10872,3.065340854058335,0.0102041990563126,51.55,49.411764705882355,63.2,0.5499999999999972,0.0,-0.3999999999999986,2000,85,500
15,7447,4.777675279254967,0.010385631078731,51.55,49.411764705882355,62.6,0.5499999999999972,0.0,-1.0,2000,85,500
20,11261,1.7527091665463663,0.0321743310585611,51.55,48.23529411764706,65.0,0.5499999999999972,-1.176470588235297,1.3999999999999986,2000,85,500
8,12735,4.061984287610919,0.0124580843402746,51.6,47.05882352941176,63.4,0.6000000000000014,-2.352941176470594,-0.20000000000000284,2000,85,500
9,13638,2.562645781593736,0.0228146872379249,51.6,54.11764705882353,64.0,0.6000000000000014,4.705882352941174,0.3999999999999986,2000,85,500
12,16244,2.2774803788368803,0.0102340020294972,51.6,50.588235294117645,62.2,0.6000000000000014,1.17647058823529,-1.3999999999999986,2000,85,500
24,11097,2.023813563584872,0.0315093299292009,51.6,45.88235294117647,62.6,0.6000000000000014,-3.529411764705884,-1.0,2000,85,500
9,15450,1.6948715197382056,0.0166101190006317,51.6,55.294117647058826,62.6,0.6000000000000014,5.882352941176471,-1.0,2000,85,500
9,5038,4.073177656924624,0.0109568566730749,51.65,47.05882352941176,63.6,0.6499999999999986,-2.352941176470594,0.0,2000,85,500
23,15791,1.82094260996883,0.0370963096974967,51.65,45.88235294117647,62.6,0.6499999999999986,-3.529411764705884,-1.0,2000,85,500
12,13232,2.902043089518661,0.010746829834292,51.7,48.23529411764706,62.0,0.7000000000000028,-1.176470588235297,-1.6000000000000014,2000,85,500
10,6970,2.1135995456836763,0.0321599217344841,51.7,54.11764705882353,66.2,0.7000000000000028,4.705882352941174,2.6000000000000014,2000,85,500
14,15257,2.8097570445178857,0.0174003734481063,51.7,52.94117647058824,63.800000000000004,0.7000000000000028,3.529411764705884,0.20000000000000284,2000,85,500
9,11161,1.8453154058998424,0.0123577310099703,51.74999999999999,51.76470588235295,63.6,0.7499999999999929,2.352941176470594,0.0,2000,85,500
25,6071,2.6022989955727005,0.0158149761755318,51.74999999999999,48.23529411764706,62.2,0.7499999999999929,-1.176470588235297,-1.3999999999999986,2000,85,500
13,2429,2.8258539130433222,0.0122199901871479,51.74999999999999,45.88235294117647,63.800000000000004,0.7499999999999929,-3.529411764705884,0.20000000000000284,2000,85,500
23,4515,7.8218065728354755,0.0112173641825675,51.74999999999999,54.11764705882353,63.4,0.7499999999999929,4.705882352941174,-0.20000000000000284,2000,85,500
10,15779,2.9814691520648124,0.0307579641002313,51.74999999999999,48.23529411764706,63.0,0.7499999999999929,-1.176470588235297,-0.6000000000000014,2000,85,500
25,9486,3.89732971070888,0.0123448813293312,51.800000000000004,47.05882352941176,62.2,0.8000000000000043,-2.352941176470594,-1.3999999999999986,2000,85,500
9,1012,2.541037702529706,0.0138458429569918,51.800000000000004,54.11764705882353,63.0,0.8000000000000043,4.705882352941174,-0.6000000000000014,2000,85,500
13,11972,9.705674786648483,0.0187840506222259,51.800000000000004,45.88235294117647,61.6,0.8000000000000043,-3.529411764705884,-2.0,2000,85,500
13,9163,2.860923152532895,0.0112863350584166,51.849999999999994,49.411764705882355,62.8,0.8499999999999943,0.0,-0.8000000000000043,2000,85,500
25,8716,3.481133639864496,0.025107404811725,51.849999999999994,55.294117647058826,62.8,0.8499999999999943,5.882352941176471,-0.8000000000000043,2000,85,500
10,3902,2.842348500959877,0.0161840094155658,51.849999999999994,55.294117647058826,64.4,0.8499999999999943,5.882352941176471,0.8000000000000043,2000,85,500
25,8327,3.822771152362856,0.0103987857644715,51.9,48.23529411764706,62.8,0.8999999999999986,-1.176470588235297,-0.8000000000000043,2000,85,500
25,9695,2.0358949227120955,0.1000522504122467,51.9,49.411764705882355,62.2,0.8999999999999986,0.0,-1.3999999999999986,2000,85,500
25,1641,1.7964292406247555,0.056803481499786,51.9,51.76470588235295,61.199999999999996,0.8999999999999986,2.352941176470594,-2.4000000000000057,2000,85,500
11,7845,1.515807227744116,0.0631007950559018,51.949999999999996,51.76470588235295,64.0,0.9499999999999957,2.352941176470594,0.3999999999999986,2000,85,500
25,16362,1.934744179991616,0.0114119872327134,51.949999999999996,57.647058823529406,64.4,0.9499999999999957,8.23529411764705,0.8000000000000043,2000,85,500
9,2234,2.625015737315217,0.0188364967525704,51.949999999999996,50.588235294117645,63.800000000000004,0.9499999999999957,1.17647058823529,0.20000000000000284,2000,85,500
2,15933,2.020659988851805,0.0160556517448375,52.0,52.94117647058824,62.4,1.0,3.529411764705884,-1.2000000000000028,2000,85,500
21,5499,2.121652048271631,0.0112086444310057,52.0,55.294117647058826,65.0,1.0,5.882352941176471,1.3999999999999986,2000,85,500
24,7247,3.861409951824872,0.0225785942904709,52.0,51.76470588235295,63.4,1.0,2.352941176470594,-0.20000000000000284,2000,85,500
19,4615,1.7848041477626442,0.015671949293733,52.0,47.05882352941176,61.6,1.0,-2.352941176470594,-2.0,2000,85,500
24,16182,2.236935694947289,0.1609620901953556,52.0,52.94117647058824,62.4,1.0,3.529411764705884,-1.2000000000000028,2000,85,500
25,14289,2.6824391343345835,0.0186028898753054,52.1,54.11764705882353,63.0,1.1000000000000014,4.705882352941174,-0.6000000000000014,2000,85,500
23,14757,1.8485564493194613,0.0139861053154135,52.1,56.470588235294116,64.8,1.1000000000000014,7.058823529411761,1.1999999999999957,2000,85,500
25,15646,3.1913707761443,0.0132700925361135,52.15,50.588235294117645,63.2,1.1499999999999986,1.17647058823529,-0.3999999999999986,2000,85,500
9,4075,2.033693281358371,0.0141937091038124,52.2,57.647058823529406,63.800000000000004,1.2000000000000028,8.23529411764705,0.20000000000000284,2000,85,500
10,14911,2.642235268633381,0.0419403387268633,52.25,56.470588235294116,64.60000000000001,1.25,7.058823529411761,1.000000000000007,2000,85,500
25,13777,2.3105844328486147,0.0201269016620658,52.25,47.05882352941176,62.0,1.25,-2.352941176470594,-1.6000000000000014,2000,85,500
22,14622,2.075835998239659,0.011155191806042,52.400000000000006,54.11764705882353,64.4,1.4000000000000057,4.705882352941174,0.8000000000000043,2000,85,500
25,9393,1.5242795229458317,0.027138984604118,52.400000000000006,58.82352941176471,64.2,1.4000000000000057,9.411764705882355,0.6000000000000014,2000,85,500
23,2341,1.5603279267044654,0.0161376808835317,52.5,57.647058823529406,63.0,1.5,8.23529411764705,-0.6000000000000014,2000,85,500
12,3122,2.6772974827645712,0.0151842129535349,52.5,55.294117647058826,65.60000000000001,1.5,5.882352941176471,2.000000000000007,2000,85,500
23,2377,2.5089773551998227,0.0187560578420964,52.55,57.647058823529406,65.60000000000001,1.5499999999999972,8.23529411764705,2.000000000000007,2000,85,500
0,7810,3.1534975725461023,0.0101585163608183,52.75,61.1764705882353,64.2,1.75,11.764705882352942,0.6000000000000014,2000,85,500
24,10462,2.1529673892463714,0.0416495227799736,52.800000000000004,62.35294117647059,63.6,1.8000000000000043,12.941176470588232,0.0,2000,85,500
7,6326,1.6499889087940645,0.0158135045227283,53.1,56.470588235294116,64.2,2.1000000000000014,7.058823529411761,0.6000000000000014,2000,85,500
